year,origin,destination,route_count
2014,ABW,CAN,2
2014,ABW,COL,2
2014,ABW,DOM,2
2014,ABW,NLD,1
2014,ABW,PAN,1
2014,ABW,SUR,1
2014,ABW,USA,21
2014,ABW,VEN,11
2014,AFG,ARE,7
2014,AFG,AZE,1
2014,AFG,IND,7
2014,AFG,IRN,5
2014,AFG,KWT,1
2014,AFG,PAK,4
2014,AFG,TJK,1
2014,AGO,ARE,2
2014,AGO,BRA,2
2014,AGO,CHN,1
2014,AGO,CUB,1
2014,AGO,DEU,1
2014,AGO,ESP,1
2014,AGO,ETH,2
2014,AGO,FRA,1
2014,AGO,GBR,2
2014,AGO,KEN,1
2014,AGO,MAR,1
2014,AGO,MOZ,1
2014,AGO,NAM,3
2014,AGO,NLD,1
2014,AGO,PRT,3
2014,AGO,STP,1
2014,AGO,ZAF,3
2014,AGO,ZWE,1
2014,AIA,ATG,1
2014,AIA,PRI,2
2014,AIA,VGB,1
2014,ALB,AUT,1
2014,ALB,DEU,2
2014,ALB,GBR,1
2014,ALB,GRC,2
2014,ALB,ITA,27
2014,ALB,SVN,1
2014,ARE,AFG,7
2014,ARE,AGO,2
2014,ARE,ARM,2
2014,ARE,AUS,16
2014,ARE,AUT,2
2014,ARE,AZE,2
2014,ARE,BEL,3
2014,ARE,BGD,10
2014,ARE,BGR,1
2014,ARE,BHR,15
2014,ARE,BLR,2
2014,ARE,BRA,3
2014,ARE,BRN,1
2014,ARE,CAN,3
2014,ARE,CHE,7
2014,ARE,CHN,16
2014,ARE,CYP,3
2014,ARE,CZE,2
2014,ARE,DEU,23
2014,ARE,DJI,1
2014,ARE,DNK,2
2014,ARE,DZA,2
2014,ARE,EGY,11
2014,ARE,ESP,2
2014,ARE,ETH,3
2014,ARE,FRA,7
2014,ARE,GBR,22
2014,ARE,GEO,1
2014,ARE,GHA,1
2014,ARE,GRC,3
2014,ARE,HKG,4
2014,ARE,HUN,1
2014,ARE,IDN,5
2014,ARE,IND,88
2014,ARE,IRL,4
2014,ARE,IRN,24
2014,ARE,IRQ,15
2014,ARE,ITA,8
2014,ARE,JOR,9
2014,ARE,JPN,8
2014,ARE,KAZ,7
2014,ARE,KEN,9
2014,ARE,KGZ,1
2014,ARE,KOR,5
2014,ARE,KWT,12
2014,ARE,LBN,6
2014,ARE,LBY,1
2014,ARE,LKA,12
2014,ARE,MAR,4
2014,ARE,MDA,1
2014,ARE,MDV,4
2014,ARE,MKD,1
2014,ARE,MLT,1
2014,ARE,MUS,2
2014,ARE,MYS,8
2014,ARE,NGA,2
2014,ARE,NLD,10
2014,ARE,NPL,4
2014,ARE,OMN,21
2014,ARE,PAK,51
2014,ARE,PHL,7
2014,ARE,POL,2
2014,ARE,PRT,2
2014,ARE,QAT,10
2014,ARE,ROU,3
2014,ARE,RUS,39
2014,ARE,RWA,1
2014,ARE,SAU,47
2014,ARE,SDN,10
2014,ARE,SEN,1
2014,ARE,SGP,11
2014,ARE,SOM,5
2014,ARE,SRB,3
2014,ARE,SSD,1
2014,ARE,SWE,2
2014,ARE,SYC,4
2014,ARE,THA,9
2014,ARE,TJK,3
2014,ARE,TKM,2
2014,ARE,TUN,2
2014,ARE,TWN,1
2014,ARE,TZA,1
2014,ARE,UGA,1
2014,ARE,UKR,10
2014,ARE,USA,24
2014,ARE,UZB,2
2014,ARE,VNM,3
2014,ARE,YEM,11
2014,ARE,ZAF,10
2014,ARE,ZMB,1
2014,ARG,BOL,2
2014,ARG,BRA,28
2014,ARG,CHL,9
2014,ARG,COL,2
2014,ARG,CUB,1
2014,ARG,DEU,1
2014,ARG,DOM,1
2014,ARG,ECU,1
2014,ARG,ESP,4
2014,ARG,FLK,1
2014,ARG,FRA,2
2014,ARG,GBR,1
2014,ARG,ITA,2
2014,ARG,MEX,2
2014,ARG,NLD,1
2014,ARG,PAN,2
2014,ARG,PER,4
2014,ARG,PRY,4
2014,ARG,URY,9
2014,ARG,USA,10
2014,ARG,VEN,2
2014,ARM,ARE,2
2014,ARM,AUT,3
2014,ARM,BLR,1
2014,ARM,CZE,2
2014,ARM,FRA,3
2014,ARM,GRC,1
2014,ARM,IRN,1
2014,ARM,ITA,1
2014,ARM,KAZ,1
2014,ARM,LBN,1
2014,ARM,POL,1
2014,ARM,RUS,27
2014,ARM,UKR,2
2014,ASM,USA,1
2014,ATG,AIA,1
2014,ATG,BRB,2
2014,ATG,CAN,2
2014,ATG,DEU,1
2014,ATG,DMA,1
2014,ATG,DOM,3
2014,ATG,FRA,2
2014,ATG,GBR,3
2014,ATG,GLP,2
2014,ATG,JAM,1
2014,ATG,KNA,4
2014,ATG,LCA,2
2014,ATG,PRI,1
2014,ATG,TTO,2
2014,ATG,USA,7
2014,AUS,ARE,16
2014,AUS,BRN,1
2014,AUS,CAN,1
2014,AUS,CHL,2
2014,AUS,CHN,17
2014,AUS,COK,1
2014,AUS,CXR,1
2014,AUS,FJI,11
2014,AUS,GUM,1
2014,AUS,HKG,16
2014,AUS,IDN,26
2014,AUS,IND,2
2014,AUS,JPN,15
2014,AUS,KOR,5
2014,AUS,MUS,1
2014,AUS,MYS,14
2014,AUS,NCL,4
2014,AUS,NFK,2
2014,AUS,NRU,1
2014,AUS,NZL,77
2014,AUS,PHL,4
2014,AUS,PNG,9
2014,AUS,QAT,2
2014,AUS,SGP,42
2014,AUS,SLB,2
2014,AUS,THA,14
2014,AUS,TON,1
2014,AUS,TWN,3
2014,AUS,USA,26
2014,AUS,VNM,4
2014,AUS,VUT,7
2014,AUS,WSM,2
2014,AUS,ZAF,4
2014,AUT,ALB,1
2014,AUT,ARE,2
2014,AUT,ARM,3
2014,AUT,AZE,2
2014,AUT,BEL,2
2014,AUT,BGR,3
2014,AUT,BIH,1
2014,AUT,BLR,2
2014,AUT,CAN,3
2014,AUT,CHE,12
2014,AUT,CHN,2
2014,AUT,CYP,3
2014,AUT,CZE,1
2014,AUT,DEU,67
2014,AUT,DNK,5
2014,AUT,DZA,1
2014,AUT,EGY,6
2014,AUT,ESP,40
2014,AUT,FIN,2
2014,AUT,FRA,13
2014,AUT,GBR,11
2014,AUT,GEO,2
2014,AUT,GRC,36
2014,AUT,HRV,6
2014,AUT,HUN,1
2014,AUT,IND,2
2014,AUT,IRL,1
2014,AUT,IRN,2
2014,AUT,IRQ,1
2014,AUT,ISR,3
2014,AUT,ITA,28
2014,AUT,JOR,3
2014,AUT,JPN,2
2014,AUT,KAZ,2
2014,AUT,LTU,1
2014,AUT,LUX,2
2014,AUT,LVA,2
2014,AUT,MDA,1
2014,AUT,MKD,1
2014,AUT,MLT,4
2014,AUT,MNE,2
2014,AUT,NLD,5
2014,AUT,NOR,2
2014,AUT,POL,4
2014,AUT,PRT,6
2014,AUT,QAT,1
2014,AUT,ROU,8
2014,AUT,RUS,13
2014,AUT,SRB,3
2014,AUT,SVK,1
2014,AUT,SVN,2
2014,AUT,SWE,4
2014,AUT,THA,3
2014,AUT,TUN,1
2014,AUT,TWN,1
2014,AUT,UKR,10
2014,AUT,USA,6
2014,AZE,AFG,1
2014,AZE,ARE,2
2014,AZE,AUT,2
2014,AZE,BLR,1
2014,AZE,CHN,2
2014,AZE,CZE,2
2014,AZE,DEU,3
2014,AZE,FRA,2
2014,AZE,GBR,2
2014,AZE,GEO,2
2014,AZE,HUN,1
2014,AZE,IRN,3
2014,AZE,ISR,1
2014,AZE,ITA,4
2014,AZE,KAZ,4
2014,AZE,LVA,2
2014,AZE,QAT,2
2014,AZE,RUS,21
2014,AZE,TKM,2
2014,AZE,UKR,3
2014,AZE,UZB,1
2014,BDI,KEN,6
2014,BDI,RWA,6
2014,BDI,UGA,1
2014,BEL,AGO,4
2014,BEL,ARE,3
2014,BEL,AUT,2
2014,BEL,BDI,4
2014,BEL,BEN,4
2014,BEL,BFA,4
2014,BEL,BGR,4
2014,BEL,CAN,7
2014,BEL,CHE,6
2014,BEL,CHN,2
2014,BEL,CIV,3
2014,BEL,CMR,9
2014,BEL,CYP,2
2014,BEL,CZE,4
2014,BEL,DEU,15
2014,BEL,DNK,5
2014,BEL,DZA,1
2014,BEL,EGY,2
2014,BEL,ESP,57
2014,BEL,EST,2
2014,BEL,FIN,1
2014,BEL,FRA,37
2014,BEL,GBR,17
2014,BEL,GRC,20
2014,BEL,HRV,5
2014,BEL,HUN,3
2014,BEL,IND,4
2014,BEL,IRL,3
2014,BEL,ISL,1
2014,BEL,ISR,2
2014,BEL,ITA,44
2014,BEL,LBN,1
2014,BEL,LTU,5
2014,BEL,LVA,2
2014,BEL,MAR,22
2014,BEL,MKD,1
2014,BEL,MLT,2
2014,BEL,MNE,2
2014,BEL,NLD,1
2014,BEL,NOR,3
2014,BEL,POL,6
2014,BEL,PRT,18
2014,BEL,QAT,1
2014,BEL,ROU,4
2014,BEL,RUS,2
2014,BEL,RWA,5
2014,BEL,SEN,5
2014,BEL,SLE,3
2014,BEL,SRB,2
2014,BEL,SVK,1
2014,BEL,SVN,3
2014,BEL,SWE,7
2014,BEL,THA,2
2014,BEL,TUN,4
2014,BEL,UKR,2
2014,BEL,USA,21
2014,BEN,BFA,1
2014,BEN,CIV,8
2014,BEN,CMR,4
2014,BEN,ETH,1
2014,BEN,FRA,1
2014,BEN,GAB,3
2014,BEN,GHA,1
2014,BEN,GNQ,2
2014,BEN,KEN,1
2014,BEN,MLI,3
2014,BEN,NER,1
2014,BEN,NGA,3
2014,BEN,SEN,2
2014,BEN,TGO,3
2014,BFA,BEL,4
2014,BFA,BEN,1
2014,BFA,CIV,8
2014,BFA,DZA,1
2014,BFA,ETH,1
2014,BFA,FRA,1
2014,BFA,GHA,1
2014,BFA,MAR,1
2014,BFA,MLI,3
2014,BFA,NER,7
2014,BFA,SEN,1
2014,BFA,TGO,2
2014,BFA,TUN,1
2014,BGD,ARE,9
2014,BGD,BTN,1
2014,BGD,CHN,2
2014,BGD,GBR,1
2014,BGD,HKG,3
2014,BGD,IND,12
2014,BGD,ITA,1
2014,BGD,KWT,2
2014,BGD,LKA,2
2014,BGD,MMR,1
2014,BGD,MYS,6
2014,BGD,NPL,4
2014,BGD,OMN,5
2014,BGD,PAK,1
2014,BGD,QAT,2
2014,BGD,SAU,7
2014,BGD,SGP,4
2014,BGD,THA,7
2014,BGR,ARE,1
2014,BGR,AUT,3
2014,BGR,BEL,4
2014,BGR,CHE,1
2014,BGR,CYP,4
2014,BGR,CZE,2
2014,BGR,DEU,11
2014,BGR,DNK,1
2014,BGR,ESP,8
2014,BGR,FIN,1
2014,BGR,FRA,3
2014,BGR,GBR,10
2014,BGR,GRC,4
2014,BGR,IRL,1
2014,BGR,ISR,2
2014,BGR,ITA,7
2014,BGR,LUX,1
2014,BGR,NLD,2
2014,BGR,NOR,1
2014,BGR,POL,2
2014,BGR,ROU,3
2014,BGR,RUS,8
2014,BGR,SRB,2
2014,BHR,ARE,16
2014,BHR,CYP,1
2014,BHR,DEU,1
2014,BHR,EGY,2
2014,BHR,ETH,1
2014,BHR,FRA,1
2014,BHR,GBR,4
2014,BHR,IND,7
2014,BHR,IRN,3
2014,BHR,IRQ,2
2014,BHR,JOR,2
2014,BHR,KWT,4
2014,BHR,LBN,1
2014,BHR,LKA,2
2014,BHR,OMN,3
2014,BHR,PAK,6
2014,BHR,PHL,2
2014,BHR,QAT,10
2014,BHR,SAU,8
2014,BHR,SDN,1
2014,BHR,THA,3
2014,BHR,YEM,2
2014,BHS,CAN,3
2014,BHS,CUB,2
2014,BHS,CYM,1
2014,BHS,GBR,1
2014,BHS,JAM,1
2014,BHS,PAN,1
2014,BHS,TCA,4
2014,BHS,USA,72
2014,BIH,AUT,1
2014,BIH,CHE,1
2014,BIH,DEU,4
2014,BIH,DNK,1
2014,BIH,HRV,1
2014,BIH,ITA,1
2014,BIH,SRB,3
2014,BIH,SVN,1
2014,BIH,SWE,3
2014,BLR,ARE,2
2014,BLR,ARM,1
2014,BLR,AUT,2
2014,BLR,AZE,1
2014,BLR,CHE,1
2014,BLR,CYP,1
2014,BLR,CZE,2
2014,BLR,DEU,4
2014,BLR,ESP,1
2014,BLR,FIN,2
2014,BLR,FRA,2
2014,BLR,GBR,1
2014,BLR,GEO,3
2014,BLR,HUN,1
2014,BLR,IRN,1
2014,BLR,ISR,1
2014,BLR,ITA,2
2014,BLR,KAZ,1
2014,BLR,LBN,1
2014,BLR,LTU,1
2014,BLR,LVA,2
2014,BLR,NLD,1
2014,BLR,POL,2
2014,BLR,RUS,12
2014,BLR,SWE,1
2014,BLR,TKM,1
2014,BLR,UKR,2
2014,BLZ,GTM,2
2014,BLZ,HND,2
2014,BLZ,MEX,2
2014,BLZ,SLV,1
2014,BLZ,USA,10
2014,BMU,CAN,2
2014,BMU,GBR,2
2014,BMU,USA,11
2014,BOL,ARG,2
2014,BOL,BRA,2
2014,BOL,CHL,3
2014,BOL,COL,1
2014,BOL,ESP,2
2014,BOL,PAN,1
2014,BOL,PER,8
2014,BOL,PRY,2
2014,BOL,USA,2
2014,BRA,AGO,2
2014,BRA,ARE,3
2014,BRA,ARG,29
2014,BRA,BOL,3
2014,BRA,BRB,1
2014,BRA,CAN,2
2014,BRA,CHE,1
2014,BRA,CHL,6
2014,BRA,COL,4
2014,BRA,CPV,1
2014,BRA,DEU,8
2014,BRA,DOM,4
2014,BRA,ECU,1
2014,BRA,ESP,8
2014,BRA,FRA,4
2014,BRA,GBR,3
2014,BRA,GUF,1
2014,BRA,ITA,4
2014,BRA,MAR,1
2014,BRA,MEX,2
2014,BRA,NLD,2
2014,BRA,PAN,7
2014,BRA,PER,10
2014,BRA,PRT,12
2014,BRA,PRY,5
2014,BRA,QAT,1
2014,BRA,SUR,1
2014,BRA,TGO,1
2014,BRA,URY,9
2014,BRA,USA,58
2014,BRA,VEN,3
2014,BRA,ZAF,2
2014,BRB,ATG,2
2014,BRB,BRA,1
2014,BRB,CAN,2
2014,BRB,DEU,1
2014,BRB,DMA,1
2014,BRB,GBR,5
2014,BRB,GRD,1
2014,BRB,GUY,1
2014,BRB,JAM,1
2014,BRB,LCA,1
2014,BRB,MTQ,1
2014,BRB,TTO,1
2014,BRB,USA,3
2014,BRB,VCT,1
2014,BRN,ARE,1
2014,BRN,AUS,1
2014,BRN,CHN,1
2014,BRN,HKG,2
2014,BRN,IDN,4
2014,BRN,MYS,7
2014,BRN,PHL,2
2014,BRN,SAU,1
2014,BRN,SGP,2
2014,BRN,THA,2
2014,BTN,BGD,1
2014,BTN,IND,3
2014,BTN,NPL,1
2014,BWA,KEN,1
2014,BWA,NAM,1
2014,BWA,ZAF,9
2014,BWA,ZMB,1
2014,BWA,ZWE,2
2014,CAF,CMR,2
2014,CAF,MAR,1
2014,CAN,ABW,2
2014,CAN,ARE,3
2014,CAN,ATG,2
2014,CAN,AUS,1
2014,CAN,AUT,3
2014,CAN,BEL,6
2014,CAN,BHS,4
2014,CAN,BMU,2
2014,CAN,BRA,2
2014,CAN,BRB,2
2014,CAN,CHE,8
2014,CAN,CHL,1
2014,CAN,CHN,12
2014,CAN,COL,2
2014,CAN,CRI,3
2014,CAN,CUB,27
2014,CAN,CYM,2
2014,CAN,DEU,19
2014,CAN,DNK,3
2014,CAN,DOM,14
2014,CAN,DZA,1
2014,CAN,EGY,1
2014,CAN,ESP,4
2014,CAN,ETH,1
2014,CAN,FRA,19
2014,CAN,GBR,41
2014,CAN,GLP,1
2014,CAN,GRC,2
2014,CAN,GRD,2
2014,CAN,GUY,2
2014,CAN,HKG,4
2014,CAN,HTI,1
2014,CAN,IRL,3
2014,CAN,ISL,2
2014,CAN,ISR,2
2014,CAN,ITA,8
2014,CAN,JAM,10
2014,CAN,JOR,3
2014,CAN,JPN,10
2014,CAN,KOR,4
2014,CAN,LCA,2
2014,CAN,MAR,1
2014,CAN,MEX,27
2014,CAN,MTQ,1
2014,CAN,NLD,10
2014,CAN,NZL,2
2014,CAN,PAK,3
2014,CAN,PAN,1
2014,CAN,PER,1
2014,CAN,PHL,1
2014,CAN,POL,2
2014,CAN,PRI,1
2014,CAN,PRT,9
2014,CAN,QAT,1
2014,CAN,RUS,2
2014,CAN,SAU,1
2014,CAN,SLV,1
2014,CAN,SPM,3
2014,CAN,TCA,2
2014,CAN,TTO,2
2014,CAN,TUN,1
2014,CAN,TWN,3
2014,CAN,USA,363
2014,CCK,CXR,1
2014,CHE,ARE,7
2014,CHE,AUT,11
2014,CHE,BEL,6
2014,CHE,BGR,1
2014,CHE,BIH,1
2014,CHE,BLR,1
2014,CHE,BRA,1
2014,CHE,CAN,8
2014,CHE,CHN,3
2014,CHE,CUB,1
2014,CHE,CYP,3
2014,CHE,CZE,4
2014,CHE,DEU,42
2014,CHE,DNK,7
2014,CHE,DOM,1
2014,CHE,DZA,1
2014,CHE,EGY,10
2014,CHE,ESP,42
2014,CHE,FIN,3
2014,CHE,FRA,21
2014,CHE,GBR,24
2014,CHE,GRC,9
2014,CHE,HKG,1
2014,CHE,HRV,8
2014,CHE,HUN,2
2014,CHE,IND,4
2014,CHE,IRL,3
2014,CHE,ISL,1
2014,CHE,ISR,5
2014,CHE,ITA,38
2014,CHE,JEY,2
2014,CHE,JOR,2
2014,CHE,JPN,2
2014,CHE,KEN,3
2014,CHE,KOR,1
2014,CHE,LBN,1
2014,CHE,LUX,2
2014,CHE,LVA,1
2014,CHE,MAR,5
2014,CHE,MKD,2
2014,CHE,MLT,3
2014,CHE,MNE,1
2014,CHE,NLD,5
2014,CHE,NOR,3
2014,CHE,OMN,2
2014,CHE,POL,7
2014,CHE,PRT,21
2014,CHE,QAT,3
2014,CHE,ROU,3
2014,CHE,RUS,6
2014,CHE,SAU,2
2014,CHE,SGP,3
2014,CHE,SRB,9
2014,CHE,SVN,2
2014,CHE,SWE,6
2014,CHE,THA,2
2014,CHE,TUN,6
2014,CHE,UKR,3
2014,CHE,USA,29
2014,CHE,ZAF,2
2014,CHL,ARG,10
2014,CHL,AUS,2
2014,CHL,BOL,3
2014,CHL,BRA,6
2014,CHL,CAN,1
2014,CHL,COL,2
2014,CHL,DOM,1
2014,CHL,ECU,2
2014,CHL,ESP,2
2014,CHL,FRA,2
2014,CHL,MEX,3
2014,CHL,NZL,2
2014,CHL,PAN,1
2014,CHL,PER,7
2014,CHL,PRY,2
2014,CHL,PYF,1
2014,CHL,URY,2
2014,CHL,USA,10
2014,CHL,VEN,1
2014,CHN,AGO,1
2014,CHN,ARE,14
2014,CHN,AUS,17
2014,CHN,AUT,2
2014,CHN,AZE,2
2014,CHN,BEL,2
2014,CHN,BGD,2
2014,CHN,BRN,1
2014,CHN,CAN,12
2014,CHN,CHE,3
2014,CHN,DEU,19
2014,CHN,DNK,3
2014,CHN,DZA,1
2014,CHN,EGY,4
2014,CHN,ESP,2
2014,CHN,ETH,6
2014,CHN,FIN,6
2014,CHN,FRA,10
2014,CHN,GBR,11
2014,CHN,GEO,1
2014,CHN,HKG,117
2014,CHN,IDN,13
2014,CHN,IND,6
2014,CHN,IRN,4
2014,CHN,ISR,2
2014,CHN,ITA,5
2014,CHN,JPN,140
2014,CHN,KAZ,7
2014,CHN,KEN,2
2014,CHN,KGZ,5
2014,CHN,KHM,11
2014,CHN,KOR,152
2014,CHN,LAO,5
2014,CHN,LKA,3
2014,CHN,MAC,46
2014,CHN,MDV,4
2014,CHN,MEX,1
2014,CHN,MMR,8
2014,CHN,MNG,4
2014,CHN,MNP,3
2014,CHN,MUS,2
2014,CHN,MYS,29
2014,CHN,NLD,13
2014,CHN,NPL,4
2014,CHN,NZL,3
2014,CHN,PAK,4
2014,CHN,PHL,13
2014,CHN,POL,2
2014,CHN,PRK,3
2014,CHN,QAT,6
2014,CHN,RUS,46
2014,CHN,SAU,2
2014,CHN,SGP,45
2014,CHN,SWE,2
2014,CHN,THA,73
2014,CHN,TJK,4
2014,CHN,TKM,1
2014,CHN,TWN,189
2014,CHN,USA,58
2014,CHN,UZB,4
2014,CHN,VNM,23
2014,CHN,ZAF,2
2014,CIV,BEL,4
2014,CIV,BEN,3
2014,CIV,BFA,8
2014,CIV,CMR,1
2014,CIV,DZA,1
2014,CIV,FRA,3
2014,CIV,GAB,1
2014,CIV,GHA,7
2014,CIV,GIN,2
2014,CIV,KEN,1
2014,CIV,LBR,1
2014,CIV,MAR,1
2014,CIV,MLI,2
2014,CIV,NGA,4
2014,CIV,SEN,3
2014,CIV,SLE,1
2014,CIV,TGO,5
2014,CIV,TUN,1
2014,CMR,BEL,9
2014,CMR,BEN,4
2014,CMR,CAF,2
2014,CMR,CIV,1
2014,CMR,ETH,2
2014,CMR,FRA,4
2014,CMR,GAB,5
2014,CMR,GNQ,5
2014,CMR,KEN,2
2014,CMR,MAR,2
2014,CMR,NGA,2
2014,CMR,SEN,1
2014,CMR,TCD,3
2014,CMR,TGO,1
2014,COK,AUS,1
2014,COK,NZL,3
2014,COK,PYF,2
2014,COK,USA,2
2014,COL,ABW,2
2014,COL,ARG,2
2014,COL,BOL,1
2014,COL,BRA,4
2014,COL,CAN,2
2014,COL,CHL,2
2014,COL,CRI,1
2014,COL,CUB,3
2014,COL,DEU,2
2014,COL,DOM,3
2014,COL,ECU,11
2014,COL,ESP,5
2014,COL,FRA,1
2014,COL,GTM,1
2014,COL,MEX,6
2014,COL,PAN,10
2014,COL,PER,4
2014,COL,PRI,1
2014,COL,SLV,3
2014,COL,USA,49
2014,COL,VEN,5
2014,COM,DJI,1
2014,COM,KEN,4
2014,COM,MDG,1
2014,COM,MYT,2
2014,COM,REU,1
2014,COM,TZA,1
2014,CPV,BRA,1
2014,CPV,DEU,5
2014,CPV,ESP,1
2014,CPV,FRA,3
2014,CPV,GBR,9
2014,CPV,GMB,1
2014,CPV,GNB,1
2014,CPV,LUX,1
2014,CPV,MAR,1
2014,CPV,NLD,2
2014,CPV,PRT,8
2014,CPV,SEN,2
2014,CPV,STP,1
2014,CPV,USA,1
2014,CRI,CAN,3
2014,CRI,COL,1
2014,CRI,DOM,1
2014,CRI,ESP,1
2014,CRI,GTM,4
2014,CRI,HND,5
2014,CRI,MEX,3
2014,CRI,NIC,3
2014,CRI,PAN,7
2014,CRI,PER,1
2014,CRI,SLV,2
2014,CRI,USA,36
2014,CUB,AGO,1
2014,CUB,ARG,1
2014,CUB,BHS,2
2014,CUB,CAN,29
2014,CUB,CHE,1
2014,CUB,COL,3
2014,CUB,CYM,1
2014,CUB,DEU,4
2014,CUB,DOM,2
2014,CUB,ECU,1
2014,CUB,ESP,2
2014,CUB,FRA,2
2014,CUB,GBR,2
2014,CUB,ITA,5
2014,CUB,JAM,1
2014,CUB,MEX,8
2014,CUB,MTQ,1
2014,CUB,NLD,1
2014,CUB,PAN,2
2014,CUB,PER,2
2014,CUB,RUS,3
2014,CUB,SLV,1
2014,CUB,VEN,3
2014,CXR,AUS,1
2014,CXR,CCK,1
2014,CYM,BHS,1
2014,CYM,CAN,2
2014,CYM,CUB,1
2014,CYM,HND,2
2014,CYM,JAM,1
2014,CYM,USA,16
2014,CYP,ARE,3
2014,CYP,AUT,3
2014,CYP,BEL,2
2014,CYP,BGR,4
2014,CYP,BHR,1
2014,CYP,BLR,1
2014,CYP,CHE,3
2014,CYP,DEU,8
2014,CYP,EGY,2
2014,CYP,FRA,3
2014,CYP,GBR,50
2014,CYP,GRC,12
2014,CYP,HUN,1
2014,CYP,ISR,3
2014,CYP,ITA,1
2014,CYP,JOR,1
2014,CYP,LBN,2
2014,CYP,LTU,1
2014,CYP,LVA,1
2014,CYP,MDA,1
2014,CYP,MLT,2
2014,CYP,NLD,3
2014,CYP,NOR,1
2014,CYP,POL,2
2014,CYP,QAT,1
2014,CYP,ROU,3
2014,CYP,RUS,11
2014,CYP,SRB,2
2014,CYP,SWE,2
2014,CYP,UKR,5
2014,CZE,ARE,2
2014,CZE,ARM,2
2014,CZE,AUT,1
2014,CZE,AZE,2
2014,CZE,BEL,4
2014,CZE,BGR,2
2014,CZE,BLR,2
2014,CZE,CHE,4
2014,CZE,DEU,14
2014,CZE,DNK,4
2014,CZE,ESP,16
2014,CZE,FIN,3
2014,CZE,FRA,16
2014,CZE,GBR,16
2014,CZE,GRC,5
2014,CZE,HRV,1
2014,CZE,HUN,2
2014,CZE,IRL,2
2014,CZE,ISR,4
2014,CZE,ITA,19
2014,CZE,KAZ,1
2014,CZE,KOR,2
2014,CZE,LTU,1
2014,CZE,LVA,2
2014,CZE,MLT,2
2014,CZE,NLD,5
2014,CZE,NOR,3
2014,CZE,POL,3
2014,CZE,PRT,2
2014,CZE,ROU,5
2014,CZE,RUS,24
2014,CZE,SRB,1
2014,CZE,SVK,4
2014,CZE,SVN,1
2014,CZE,SWE,5
2014,CZE,UKR,3
2014,CZE,UZB,1
2014,DEU,AGO,1
2014,DEU,ALB,2
2014,DEU,ARE,23
2014,DEU,ARG,1
2014,DEU,AUT,67
2014,DEU,AZE,3
2014,DEU,BEL,15
2014,DEU,BGR,11
2014,DEU,BHR,1
2014,DEU,BIH,4
2014,DEU,BLR,4
2014,DEU,BRA,8
2014,DEU,CAN,19
2014,DEU,CHE,42
2014,DEU,CHN,19
2014,DEU,COL,2
2014,DEU,CPV,5
2014,DEU,CUB,4
2014,DEU,CYP,8
2014,DEU,CZE,14
2014,DEU,DNK,27
2014,DEU,DOM,7
2014,DEU,DZA,3
2014,DEU,EGY,18
2014,DEU,ESP,354
2014,DEU,EST,2
2014,DEU,ETH,2
2014,DEU,FIN,19
2014,DEU,FRA,84
2014,DEU,GBR,103
2014,DEU,GEO,1
2014,DEU,GGY,2
2014,DEU,GHA,1
2014,DEU,GRC,176
2014,DEU,HKG,3
2014,DEU,HRV,57
2014,DEU,HUN,11
2014,DEU,IND,14
2014,DEU,IRL,19
2014,DEU,IRN,5
2014,DEU,IRQ,5
2014,DEU,ISL,4
2014,DEU,ISR,12
2014,DEU,ITA,221
2014,DEU,JAM,1
2014,DEU,JEY,3
2014,DEU,JOR,7
2014,DEU,JPN,11
2014,DEU,KAZ,4
2014,DEU,KEN,2
2014,DEU,KOR,4
2014,DEU,KWT,2
2014,DEU,LBN,3
2014,DEU,LKA,1
2014,DEU,LTU,7
2014,DEU,LUX,9
2014,DEU,LVA,14
2014,DEU,MAR,20
2014,DEU,MDA,2
2014,DEU,MDV,1
2014,DEU,MEX,4
2014,DEU,MKD,5
2014,DEU,MLT,8
2014,DEU,MNE,2
2014,DEU,MUS,1
2014,DEU,MYS,3
2014,DEU,NAM,1
2014,DEU,NGA,4
2014,DEU,NLD,27
2014,DEU,NOR,26
2014,DEU,OMN,2
2014,DEU,POL,44
2014,DEU,PRI,1
2014,DEU,PRT,64
2014,DEU,QAT,9
2014,DEU,ROU,15
2014,DEU,RUS,46
2014,DEU,SAU,10
2014,DEU,SGP,7
2014,DEU,SRB,25
2014,DEU,SVN,4
2014,DEU,SWE,29
2014,DEU,SYC,1
2014,DEU,THA,4
2014,DEU,TJK,1
2014,DEU,TKM,1
2014,DEU,TTO,1
2014,DEU,TUN,32
2014,DEU,TWN,1
2014,DEU,UKR,12
2014,DEU,USA,115
2014,DEU,UZB,1
2014,DEU,VEN,1
2014,DEU,VNM,4
2014,DEU,ZAF,6
2014,DJI,ARE,4
2014,DJI,COM,1
2014,DJI,ETH,5
2014,DJI,FRA,1
2014,DJI,KEN,2
2014,DJI,SAU,1
2014,DJI,SOM,5
2014,DJI,YEM,3
2014,DMA,ATG,1
2014,DMA,BRB,1
2014,DMA,GLP,3
2014,DMA,PRI,4
2014,DMA,VCT,1
2014,DMA,VGB,3
2014,DNK,ARE,2
2014,DNK,AUT,5
2014,DNK,BEL,5
2014,DNK,BGR,1
2014,DNK,BIH,1
2014,DNK,CAN,3
2014,DNK,CHE,7
2014,DNK,CHN,3
2014,DNK,CZE,4
2014,DNK,DEU,26
2014,DNK,EGY,2
2014,DNK,ESP,31
2014,DNK,EST,2
2014,DNK,FIN,4
2014,DNK,FRA,12
2014,DNK,FRO,2
2014,DNK,GBR,22
2014,DNK,GRC,7
2014,DNK,GRL,1
2014,DNK,HRV,6
2014,DNK,HUN,3
2014,DNK,IRL,3
2014,DNK,ISL,4
2014,DNK,ISR,2
2014,DNK,ITA,21
2014,DNK,JPN,1
2014,DNK,LTU,3
2014,DNK,LUX,2
2014,DNK,LVA,4
2014,DNK,MAR,2
2014,DNK,MLT,2
2014,DNK,NLD,11
2014,DNK,NOR,30
2014,DNK,PAK,1
2014,DNK,POL,7
2014,DNK,PRT,5
2014,DNK,QAT,1
2014,DNK,ROU,1
2014,DNK,RUS,3
2014,DNK,SGP,2
2014,DNK,SRB,2
2014,DNK,SVN,2
2014,DNK,SWE,9
2014,DNK,THA,2
2014,DNK,USA,7
2014,DOM,ABW,2
2014,DOM,ARG,1
2014,DOM,ATG,4
2014,DOM,BRA,4
2014,DOM,CAN,17
2014,DOM,CHE,1
2014,DOM,CHL,1
2014,DOM,COL,3
2014,DOM,CRI,1
2014,DOM,CUB,2
2014,DOM,DEU,7
2014,DOM,ESP,5
2014,DOM,FRA,10
2014,DOM,GBR,1
2014,DOM,GLP,3
2014,DOM,HTI,2
2014,DOM,ITA,3
2014,DOM,JAM,2
2014,DOM,NLD,1
2014,DOM,PAN,4
2014,DOM,PER,2
2014,DOM,PRI,9
2014,DOM,RUS,4
2014,DOM,TCA,3
2014,DOM,USA,61
2014,DOM,VEN,1
2014,DZA,ARE,2
2014,DZA,AUT,1
2014,DZA,BEL,1
2014,DZA,BFA,1
2014,DZA,CAN,1
2014,DZA,CHE,1
2014,DZA,CHN,1
2014,DZA,CIV,1
2014,DZA,DEU,3
2014,DZA,EGY,2
2014,DZA,ESP,14
2014,DZA,FRA,68
2014,DZA,GBR,3
2014,DZA,ITA,4
2014,DZA,JOR,2
2014,DZA,LBN,1
2014,DZA,LBY,2
2014,DZA,MAR,3
2014,DZA,MLI,1
2014,DZA,MLT,1
2014,DZA,NER,1
2014,DZA,PRT,2
2014,DZA,QAT,1
2014,DZA,RUS,1
2014,DZA,SAU,2
2014,DZA,SEN,1
2014,DZA,TUN,3
2014,ECU,ARG,1
2014,ECU,BRA,1
2014,ECU,CHL,1
2014,ECU,COL,11
2014,ECU,CUB,1
2014,ECU,ESP,4
2014,ECU,MEX,1
2014,ECU,NLD,2
2014,ECU,PAN,3
2014,ECU,PER,5
2014,ECU,SLV,2
2014,ECU,USA,8
2014,ECU,VEN,1
2014,EGY,ARE,11
2014,EGY,AUT,6
2014,EGY,BEL,2
2014,EGY,BHR,2
2014,EGY,CAN,1
2014,EGY,CHE,10
2014,EGY,CHN,4
2014,EGY,CYP,2
2014,EGY,DEU,18
2014,EGY,DNK,2
2014,EGY,DZA,2
2014,EGY,ERI,1
2014,EGY,ESP,2
2014,EGY,ETH,2
2014,EGY,FRA,5
2014,EGY,GBR,34
2014,EGY,GHA,1
2014,EGY,GRC,4
2014,EGY,HUN,1
2014,EGY,IDN,1
2014,EGY,IND,2
2014,EGY,IRQ,2
2014,EGY,ISR,1
2014,EGY,ITA,5
2014,EGY,JOR,5
2014,EGY,KEN,1
2014,EGY,KWT,16
2014,EGY,LBN,3
2014,EGY,LBY,10
2014,EGY,MAR,2
2014,EGY,NGA,3
2014,EGY,NLD,2
2014,EGY,OMN,2
2014,EGY,QAT,4
2014,EGY,RUS,11
2014,EGY,SAU,57
2014,EGY,SDN,3
2014,EGY,SSD,2
2014,EGY,THA,3
2014,EGY,TUN,2
2014,EGY,TZA,1
2014,EGY,UGA,1
2014,EGY,USA,2
2014,EGY,YEM,5
2014,EGY,ZAF,2
2014,ERI,EGY,1
2014,ERI,KEN,1
2014,ERI,SAU,1
2014,ERI,SDN,1
2014,ERI,SSD,1
2014,ERI,YEM,2
2014,ESH,ESP,3
2014,ESH,MAR,4
2014,ESP,AGO,1
2014,ESP,ARE,2
2014,ESP,ARG,4
2014,ESP,AUT,40
2014,ESP,BEL,60
2014,ESP,BGR,8
2014,ESP,BLR,1
2014,ESP,BOL,2
2014,ESP,BRA,8
2014,ESP,CAN,4
2014,ESP,CHE,42
2014,ESP,CHL,2
2014,ESP,CHN,2
2014,ESP,COL,5
2014,ESP,CPV,1
2014,ESP,CRI,1
2014,ESP,CUB,3
2014,ESP,CZE,16
2014,ESP,DEU,353
2014,ESP,DNK,31
2014,ESP,DOM,5
2014,ESP,DZA,14
2014,ESP,ECU,4
2014,ESP,EGY,2
2014,ESP,ESH,3
2014,ESP,EST,1
2014,ESP,FIN,16
2014,ESP,FRA,151
2014,ESP,GBR,512
2014,ESP,GHA,1
2014,ESP,GMB,4
2014,ESP,GNQ,1
2014,ESP,GRC,7
2014,ESP,GTM,1
2014,ESP,HRV,5
2014,ESP,HUN,5
2014,ESP,IRL,53
2014,ESP,ISL,2
2014,ESP,ISR,6
2014,ESP,ITA,120
2014,ESP,JOR,4
2014,ESP,KOR,1
2014,ESP,LBY,1
2014,ESP,LTU,4
2014,ESP,LUX,12
2014,ESP,LVA,3
2014,ESP,MAR,39
2014,ESP,MEX,8
2014,ESP,MLT,4
2014,ESP,MRT,3
2014,ESP,NGA,1
2014,ESP,NLD,68
2014,ESP,NOR,52
2014,ESP,PAK,2
2014,ESP,PAN,1
2014,ESP,PER,3
2014,ESP,POL,22
2014,ESP,PRT,43
2014,ESP,QAT,5
2014,ESP,ROU,17
2014,ESP,RUS,28
2014,ESP,SAU,2
2014,ESP,SEN,7
2014,ESP,SGP,1
2014,ESP,SVK,3
2014,ESP,SWE,34
2014,ESP,THA,1
2014,ESP,TUN,3
2014,ESP,UKR,11
2014,ESP,URY,1
2014,ESP,USA,57
2014,ESP,VEN,4
2014,EST,BEL,2
2014,EST,DEU,2
2014,EST,DNK,2
2014,EST,ESP,1
2014,EST,FIN,3
2014,EST,FRA,1
2014,EST,GBR,3
2014,EST,GRC,1
2014,EST,HRV,1
2014,EST,ITA,1
2014,EST,LTU,3
2014,EST,LVA,1
2014,EST,NLD,2
2014,EST,NOR,6
2014,EST,POL,1
2014,EST,RUS,3
2014,EST,SWE,4
2014,EST,UKR,1
2014,ETH,AGO,2
2014,ETH,ARE,3
2014,ETH,BEN,1
2014,ETH,BFA,1
2014,ETH,BHR,1
2014,ETH,CHN,6
2014,ETH,CMR,2
2014,ETH,DEU,2
2014,ETH,DJI,5
2014,ETH,EGY,2
2014,ETH,FRA,1
2014,ETH,GAB,1
2014,ETH,GBR,1
2014,ETH,GHA,1
2014,ETH,GNQ,2
2014,ETH,HKG,1
2014,ETH,IND,4
2014,ETH,ISR,1
2014,ETH,ITA,1
2014,ETH,KEN,6
2014,ETH,KWT,2
2014,ETH,LBN,1
2014,ETH,MLI,2
2014,ETH,MOZ,1
2014,ETH,MWI,1
2014,ETH,NER,1
2014,ETH,NGA,3
2014,ETH,OMN,2
2014,ETH,QAT,1
2014,ETH,RWA,2
2014,ETH,SAU,9
2014,ETH,SDN,2
2014,ETH,SOM,1
2014,ETH,SSD,2
2014,ETH,TCD,1
2014,ETH,TGO,1
2014,ETH,THA,2
2014,ETH,TZA,3
2014,ETH,UGA,2
2014,ETH,YEM,1
2014,ETH,ZAF,2
2014,ETH,ZMB,1
2014,ETH,ZWE,4
2014,FIN,AUT,2
2014,FIN,BEL,1
2014,FIN,BGR,1
2014,FIN,BLR,2
2014,FIN,CHE,3
2014,FIN,CHN,6
2014,FIN,CZE,3
2014,FIN,DEU,19
2014,FIN,DNK,4
2014,FIN,ESP,16
2014,FIN,EST,3
2014,FIN,FRA,6
2014,FIN,GBR,9
2014,FIN,GRC,2
2014,FIN,HKG,1
2014,FIN,HRV,3
2014,FIN,HUN,3
2014,FIN,IND,1
2014,FIN,IRL,1
2014,FIN,ISL,2
2014,FIN,ISR,1
2014,FIN,ITA,5
2014,FIN,JPN,6
2014,FIN,KOR,1
2014,FIN,LTU,2
2014,FIN,LVA,3
2014,FIN,NLD,3
2014,FIN,NOR,3
2014,FIN,POL,5
2014,FIN,PRT,2
2014,FIN,RUS,9
2014,FIN,SGP,1
2014,FIN,SVN,1
2014,FIN,SWE,22
2014,FIN,THA,1
2014,FIN,UKR,1
2014,FIN,USA,4
2014,FJI,AUS,11
2014,FJI,HKG,2
2014,FJI,KIR,3
2014,FJI,KOR,1
2014,FJI,NCL,1
2014,FJI,NZL,7
2014,FJI,PNG,1
2014,FJI,SLB,2
2014,FJI,TON,2
2014,FJI,TUV,1
2014,FJI,USA,6
2014,FJI,VUT,2
2014,FJI,WLF,1
2014,FJI,WSM,1
2014,FLK,CHL,1
2014,FRA,AGO,1
2014,FRA,ARE,7
2014,FRA,ARG,2
2014,FRA,ARM,3
2014,FRA,ATG,2
2014,FRA,AUT,13
2014,FRA,AZE,2
2014,FRA,BEL,36
2014,FRA,BEN,1
2014,FRA,BFA,1
2014,FRA,BGR,3
2014,FRA,BHR,1
2014,FRA,BLR,2
2014,FRA,BRA,4
2014,FRA,CAF,1
2014,FRA,CAN,19
2014,FRA,CHE,21
2014,FRA,CHL,2
2014,FRA,CHN,10
2014,FRA,CIV,3
2014,FRA,CMR,4
2014,FRA,COL,1
2014,FRA,CPV,4
2014,FRA,CUB,2
2014,FRA,CYP,3
2014,FRA,CZE,16
2014,FRA,DEU,84
2014,FRA,DJI,1
2014,FRA,DNK,12
2014,FRA,DOM,5
2014,FRA,DZA,68
2014,FRA,EGY,5
2014,FRA,ESP,149
2014,FRA,EST,1
2014,FRA,ETH,1
2014,FRA,FIN,6
2014,FRA,GAB,1
2014,FRA,GBR,157
2014,FRA,GEO,2
2014,FRA,GGY,1
2014,FRA,GIN,1
2014,FRA,GLP,7
2014,FRA,GRC,32
2014,FRA,GUF,3
2014,FRA,HKG,3
2014,FRA,HRV,12
2014,FRA,HTI,1
2014,FRA,HUN,5
2014,FRA,IND,4
2014,FRA,IRL,23
2014,FRA,IRN,1
2014,FRA,ISL,4
2014,FRA,ISR,9
2014,FRA,ITA,149
2014,FRA,JEY,1
2014,FRA,JOR,2
2014,FRA,JPN,7
2014,FRA,KEN,2
2014,FRA,KOR,3
2014,FRA,LBN,2
2014,FRA,LBR,2
2014,FRA,LKA,1
2014,FRA,LTU,3
2014,FRA,LUX,7
2014,FRA,LVA,3
2014,FRA,MAR,79
2014,FRA,MDA,1
2014,FRA,MDG,3
2014,FRA,MEX,4
2014,FRA,MLI,2
2014,FRA,MLT,11
2014,FRA,MNE,2
2014,FRA,MRT,1
2014,FRA,MTQ,4
2014,FRA,MUS,2
2014,FRA,MYS,3
2014,FRA,MYT,3
2014,FRA,NER,3
2014,FRA,NGA,4
2014,FRA,NLD,33
2014,FRA,NOR,15
2014,FRA,OMN,1
2014,FRA,PAK,2
2014,FRA,PAN,1
2014,FRA,PER,2
2014,FRA,POL,15
2014,FRA,PRI,1
2014,FRA,PRT,53
2014,FRA,QAT,1
2014,FRA,REU,5
2014,FRA,ROU,7
2014,FRA,RUS,11
2014,FRA,SAU,4
2014,FRA,SEN,3
2014,FRA,SGP,2
2014,FRA,SRB,4
2014,FRA,SVK,1
2014,FRA,SVN,2
2014,FRA,SWE,18
2014,FRA,TCD,1
2014,FRA,TGO,1
2014,FRA,THA,3
2014,FRA,TUN,45
2014,FRA,TWN,1
2014,FRA,UKR,3
2014,FRA,USA,91
2014,FRA,UZB,2
2014,FRA,VEN,1
2014,FRA,VGB,1
2014,FRA,VNM,6
2014,FRA,ZAF,2
2014,FRO,DNK,2
2014,FRO,NOR,2
2014,FSM,GUM,2
2014,FSM,MHL,2
2014,FSM,PLW,1
2014,GAB,BEN,3
2014,GAB,CIV,1
2014,GAB,CMR,4
2014,GAB,ETH,1
2014,GAB,FRA,1
2014,GAB,GNQ,1
2014,GAB,MAR,1
2014,GAB,NGA,2
2014,GAB,RWA,1
2014,GAB,TGO,1
2014,GAB,ZAF,1
2014,GBR,AGO,1
2014,GBR,ALB,1
2014,GBR,ARE,21
2014,GBR,ARG,1
2014,GBR,ATG,3
2014,GBR,AUT,11
2014,GBR,AZE,2
2014,GBR,BEL,17
2014,GBR,BGD,2
2014,GBR,BGR,10
2014,GBR,BHR,4
2014,GBR,BHS,1
2014,GBR,BLR,1
2014,GBR,BMU,2
2014,GBR,BRA,3
2014,GBR,BRB,4
2014,GBR,CAN,42
2014,GBR,CHE,24
2014,GBR,CHN,11
2014,GBR,CPV,9
2014,GBR,CUB,2
2014,GBR,CYP,55
2014,GBR,CZE,16
2014,GBR,DEU,103
2014,GBR,DNK,22
2014,GBR,DOM,3
2014,GBR,DZA,3
2014,GBR,EGY,33
2014,GBR,ESP,518
2014,GBR,EST,3
2014,GBR,ETH,1
2014,GBR,FIN,9
2014,GBR,FRA,158
2014,GBR,GGY,11
2014,GBR,GHA,2
2014,GBR,GIB,6
2014,GBR,GRC,105
2014,GBR,HKG,3
2014,GBR,HRV,35
2014,GBR,HUN,15
2014,GBR,IMN,10
2014,GBR,IND,17
2014,GBR,IRL,63
2014,GBR,IRN,1
2014,GBR,ISL,10
2014,GBR,ISR,6
2014,GBR,ITA,141
2014,GBR,JAM,4
2014,GBR,JEY,25
2014,GBR,JOR,2
2014,GBR,JPN,8
2014,GBR,KAZ,3
2014,GBR,KEN,3
2014,GBR,KOR,3
2014,GBR,KWT,3
2014,GBR,LBN,3
2014,GBR,LBY,3
2014,GBR,LCA,4
2014,GBR,LKA,1
2014,GBR,LTU,10
2014,GBR,LUX,4
2014,GBR,LVA,7
2014,GBR,MAR,26
2014,GBR,MDA,1
2014,GBR,MDV,1
2014,GBR,MEX,14
2014,GBR,MKD,1
2014,GBR,MLT,28
2014,GBR,MNE,2
2014,GBR,MUS,4
2014,GBR,MYS,2
2014,GBR,NGA,4
2014,GBR,NLD,53
2014,GBR,NOR,42
2014,GBR,OMN,1
2014,GBR,PAK,7
2014,GBR,PHL,1
2014,GBR,POL,67
2014,GBR,PRT,84
2014,GBR,QAT,4
2014,GBR,ROU,11
2014,GBR,RUS,8
2014,GBR,SAU,8
2014,GBR,SGP,4
2014,GBR,SLE,2
2014,GBR,SRB,3
2014,GBR,SVK,6
2014,GBR,SVN,2
2014,GBR,SWE,27
2014,GBR,THA,4
2014,GBR,TKM,2
2014,GBR,TTO,1
2014,GBR,TUN,22
2014,GBR,UGA,2
2014,GBR,UKR,3
2014,GBR,USA,203
2014,GBR,UZB,1
2014,GBR,ZAF,8
2014,GEO,ARE,1
2014,GEO,AUT,2
2014,GEO,AZE,2
2014,GEO,BLR,3
2014,GEO,CHN,1
2014,GEO,DEU,1
2014,GEO,FRA,2
2014,GEO,GRC,1
2014,GEO,IRQ,2
2014,GEO,ISR,3
2014,GEO,ITA,1
2014,GEO,KAZ,2
2014,GEO,LTU,1
2014,GEO,LVA,2
2014,GEO,NLD,2
2014,GEO,POL,3
2014,GEO,RUS,4
2014,GEO,UKR,7
2014,GGY,DEU,1
2014,GGY,FRA,1
2014,GGY,GBR,11
2014,GGY,JEY,4
2014,GGY,NLD,1
2014,GHA,ARE,1
2014,GHA,BEN,1
2014,GHA,BFA,1
2014,GHA,CIV,8
2014,GHA,DEU,1
2014,GHA,EGY,1
2014,GHA,ESP,1
2014,GHA,ETH,1
2014,GHA,GBR,2
2014,GHA,ITA,1
2014,GHA,KEN,1
2014,GHA,LBN,1
2014,GHA,LBR,5
2014,GHA,MAR,1
2014,GHA,NAM,1
2014,GHA,NGA,5
2014,GHA,NLD,1
2014,GHA,PRT,1
2014,GHA,SEN,3
2014,GHA,SLE,3
2014,GHA,TGO,1
2014,GHA,USA,1
2014,GHA,ZAF,1
2014,GIB,GBR,6
2014,GIN,CIV,2
2014,GIN,FRA,1
2014,GIN,GNB,2
2014,GIN,MAR,1
2014,GIN,MLI,2
2014,GIN,MRT,1
2014,GIN,SEN,8
2014,GIN,TGO,1
2014,GLP,ATG,2
2014,GLP,CAN,1
2014,GLP,DMA,3
2014,GLP,DOM,3
2014,GLP,FRA,6
2014,GLP,HTI,2
2014,GLP,MTQ,5
2014,GLP,PRI,2
2014,GLP,USA,2
2014,GMB,CPV,1
2014,GMB,ESP,4
2014,GMB,GNB,1
2014,GMB,MAR,1
2014,GMB,SEN,4
2014,GMB,SLE,2
2014,GNB,CPV,1
2014,GNB,GIN,2
2014,GNB,GMB,1
2014,GNB,MAR,1
2014,GNB,SEN,2
2014,GNQ,BEN,2
2014,GNQ,CMR,5
2014,GNQ,ESP,1
2014,GNQ,ETH,2
2014,GNQ,GAB,2
2014,GNQ,MAR,1
2014,GNQ,NGA,1
2014,GRC,ALB,2
2014,GRC,ARE,3
2014,GRC,ARM,1
2014,GRC,AUT,36
2014,GRC,BEL,18
2014,GRC,BGR,4
2014,GRC,CAN,2
2014,GRC,CHE,9
2014,GRC,CYP,11
2014,GRC,CZE,4
2014,GRC,DEU,166
2014,GRC,DNK,7
2014,GRC,EGY,4
2014,GRC,ESP,7
2014,GRC,EST,1
2014,GRC,FIN,2
2014,GRC,FRA,30
2014,GRC,GBR,95
2014,GRC,GEO,1
2014,GRC,HRV,2
2014,GRC,HUN,2
2014,GRC,IRL,3
2014,GRC,ISR,3
2014,GRC,ITA,24
2014,GRC,JOR,1
2014,GRC,LBN,1
2014,GRC,LTU,4
2014,GRC,LUX,4
2014,GRC,LVA,2
2014,GRC,MDA,1
2014,GRC,MLT,1
2014,GRC,NLD,21
2014,GRC,NOR,11
2014,GRC,POL,7
2014,GRC,QAT,2
2014,GRC,ROU,4
2014,GRC,RUS,28
2014,GRC,SRB,4
2014,GRC,SWE,10
2014,GRC,UKR,5
2014,GRC,USA,3
2014,GRD,BRB,1
2014,GRD,CAN,2
2014,GRD,LCA,2
2014,GRD,TTO,3
2014,GRD,USA,4
2014,GRD,VCT,1
2014,GRD,VEN,1
2014,GRL,DNK,1
2014,GRL,ISL,2
2014,GTM,BLZ,2
2014,GTM,COL,1
2014,GTM,CRI,2
2014,GTM,HND,8
2014,GTM,MEX,3
2014,GTM,NIC,1
2014,GTM,PAN,1
2014,GTM,SLV,3
2014,GTM,USA,17
2014,GUF,BRA,1
2014,GUF,FRA,3
2014,GUF,MTQ,2
2014,GUF,SUR,1
2014,GUM,AUS,1
2014,GUM,FSM,2
2014,GUM,HKG,1
2014,GUM,JPN,19
2014,GUM,KOR,4
2014,GUM,MNP,2
2014,GUM,PHL,2
2014,GUM,PLW,1
2014,GUM,TWN,2
2014,GUM,USA,1
2014,GUY,BRB,1
2014,GUY,CAN,2
2014,GUY,JAM,1
2014,GUY,SUR,1
2014,GUY,TTO,1
2014,GUY,USA,2
2014,GUY,VEN,1
2014,HKG,ARE,5
2014,HKG,AUS,15
2014,HKG,BGD,3
2014,HKG,BRN,2
2014,HKG,CAN,4
2014,HKG,CHE,1
2014,HKG,CHN,116
2014,HKG,DEU,3
2014,HKG,ETH,1
2014,HKG,FIN,1
2014,HKG,FJI,2
2014,HKG,FRA,3
2014,HKG,GBR,3
2014,HKG,GUM,1
2014,HKG,IDN,10
2014,HKG,IND,14
2014,HKG,ISR,1
2014,HKG,ITA,2
2014,HKG,JPN,27
2014,HKG,KAZ,1
2014,HKG,KHM,2
2014,HKG,KOR,16
2014,HKG,MDV,2
2014,HKG,MMR,1
2014,HKG,MNG,2
2014,HKG,MUS,1
2014,HKG,MYS,11
2014,HKG,NLD,2
2014,HKG,NPL,1
2014,HKG,NZL,3
2014,HKG,PHL,11
2014,HKG,PNG,1
2014,HKG,QAT,2
2014,HKG,RUS,9
2014,HKG,SAU,1
2014,HKG,SGP,8
2014,HKG,THA,24
2014,HKG,TWN,13
2014,HKG,USA,16
2014,HKG,VNM,10
2014,HKG,ZAF,2
2014,HND,BLZ,2
2014,HND,CRI,5
2014,HND,CYM,2
2014,HND,GTM,10
2014,HND,MEX,1
2014,HND,PAN,2
2014,HND,SLV,3
2014,HND,USA,19
2014,HRV,AUT,6
2014,HRV,BEL,5
2014,HRV,BIH,1
2014,HRV,CHE,8
2014,HRV,CZE,2
2014,HRV,DEU,55
2014,HRV,DNK,6
2014,HRV,ESP,5
2014,HRV,EST,1
2014,HRV,FIN,3
2014,HRV,FRA,12
2014,HRV,GBR,35
2014,HRV,GRC,2
2014,HRV,HUN,1
2014,HRV,IRL,3
2014,HRV,ITA,5
2014,HRV,LUX,1
2014,HRV,MKD,1
2014,HRV,NLD,3
2014,HRV,NOR,9
2014,HRV,POL,3
2014,HRV,RUS,2
2014,HRV,SRB,2
2014,HRV,SWE,9
2014,HTI,CAN,1
2014,HTI,DOM,3
2014,HTI,GLP,2
2014,HTI,PAN,2
2014,HTI,TCA,3
2014,HTI,USA,13
2014,HUN,ARE,1
2014,HUN,AUT,1
2014,HUN,AZE,1
2014,HUN,BEL,3
2014,HUN,BLR,1
2014,HUN,CHE,2
2014,HUN,CYP,1
2014,HUN,CZE,2
2014,HUN,DEU,12
2014,HUN,DNK,3
2014,HUN,EGY,1
2014,HUN,ESP,5
2014,HUN,FIN,3
2014,HUN,FRA,5
2014,HUN,GBR,15
2014,HUN,GRC,2
2014,HUN,HRV,1
2014,HUN,IRL,2
2014,HUN,ISR,2
2014,HUN,ITA,11
2014,HUN,LVA,1
2014,HUN,MLT,2
2014,HUN,NLD,4
2014,HUN,NOR,1
2014,HUN,POL,2
2014,HUN,PRT,1
2014,HUN,QAT,1
2014,HUN,ROU,1
2014,HUN,RUS,4
2014,HUN,SRB,2
2014,HUN,SWE,4
2014,HUN,UKR,1
2014,IDN,ARE,5
2014,IDN,AUS,26
2014,IDN,BRN,4
2014,IDN,CHN,13
2014,IDN,EGY,1
2014,IDN,HKG,10
2014,IDN,JPN,13
2014,IDN,KOR,6
2014,IDN,LKA,2
2014,IDN,MYS,46
2014,IDN,PHL,5
2014,IDN,PNG,1
2014,IDN,QAT,1
2014,IDN,SAU,7
2014,IDN,SGP,63
2014,IDN,THA,8
2014,IDN,TWN,7
2014,IDN,VNM,1
2014,IMN,GBR,10
2014,IMN,IRL,1
2014,IND,AFG,7
2014,IND,ARE,88
2014,IND,AUS,2
2014,IND,AUT,2
2014,IND,BEL,5
2014,IND,BGD,12
2014,IND,BHR,8
2014,IND,BTN,3
2014,IND,CHE,4
2014,IND,CHN,6
2014,IND,DEU,12
2014,IND,EGY,2
2014,IND,ETH,4
2014,IND,FIN,1
2014,IND,FRA,4
2014,IND,GBR,17
2014,IND,HKG,14
2014,IND,IRN,2
2014,IND,ISR,1
2014,IND,ITA,2
2014,IND,JOR,2
2014,IND,JPN,5
2014,IND,KAZ,1
2014,IND,KEN,3
2014,IND,KOR,3
2014,IND,KWT,9
2014,IND,LKA,24
2014,IND,MDV,5
2014,IND,MMR,1
2014,IND,MUS,6
2014,IND,MYS,22
2014,IND,NLD,3
2014,IND,NPL,8
2014,IND,OMN,23
2014,IND,PAK,3
2014,IND,QAT,17
2014,IND,REU,1
2014,IND,RUS,2
2014,IND,SAU,39
2014,IND,SGP,37
2014,IND,THA,18
2014,IND,TJK,1
2014,IND,TKM,2
2014,IND,TWN,2
2014,IND,USA,5
2014,IND,UZB,2
2014,IND,YEM,2
2014,IND,ZAF,3
2014,IRL,ARE,4
2014,IRL,AUT,1
2014,IRL,BEL,3
2014,IRL,BGR,1
2014,IRL,CAN,3
2014,IRL,CHE,3
2014,IRL,CZE,2
2014,IRL,DEU,19
2014,IRL,DNK,3
2014,IRL,ESP,53
2014,IRL,FIN,1
2014,IRL,FRA,23
2014,IRL,GBR,63
2014,IRL,GRC,3
2014,IRL,HRV,3
2014,IRL,HUN,2
2014,IRL,IMN,1
2014,IRL,ITA,16
2014,IRL,JEY,2
2014,IRL,LTU,4
2014,IRL,LUX,1
2014,IRL,LVA,1
2014,IRL,MAR,1
2014,IRL,MDA,1
2014,IRL,MLT,1
2014,IRL,NLD,4
2014,IRL,NOR,3
2014,IRL,POL,15
2014,IRL,PRT,12
2014,IRL,ROU,2
2014,IRL,SVK,1
2014,IRL,SWE,2
2014,IRL,USA,35
2014,IRN,AFG,5
2014,IRN,ARE,23
2014,IRN,ARM,1
2014,IRN,AUT,2
2014,IRN,AZE,3
2014,IRN,BHR,3
2014,IRN,BLR,1
2014,IRN,CHN,4
2014,IRN,DEU,5
2014,IRN,FRA,1
2014,IRN,GBR,1
2014,IRN,IND,2
2014,IRN,IRQ,4
2014,IRN,ITA,3
2014,IRN,KAZ,1
2014,IRN,KWT,11
2014,IRN,LBN,2
2014,IRN,MYS,2
2014,IRN,NLD,1
2014,IRN,OMN,3
2014,IRN,PAK,3
2014,IRN,QAT,5
2014,IRN,RUS,1
2014,IRN,SAU,12
2014,IRN,SWE,3
2014,IRN,THA,1
2014,IRN,TJK,3
2014,IRN,UZB,1
2014,IRQ,ARE,15
2014,IRQ,AUT,1
2014,IRQ,BHR,2
2014,IRQ,DEU,5
2014,IRQ,EGY,2
2014,IRQ,GEO,2
2014,IRQ,IRN,4
2014,IRQ,JOR,9
2014,IRQ,KWT,2
2014,IRQ,LBN,5
2014,IRQ,NLD,1
2014,IRQ,QAT,5
2014,IRQ,SWE,7
2014,ISL,BEL,1
2014,ISL,CAN,2
2014,ISL,CHE,1
2014,ISL,DEU,4
2014,ISL,DNK,4
2014,ISL,ESP,2
2014,ISL,FIN,2
2014,ISL,FRA,4
2014,ISL,GBR,10
2014,ISL,GRL,2
2014,ISL,NLD,1
2014,ISL,NOR,5
2014,ISL,SWE,1
2014,ISL,USA,7
2014,ISR,AUT,3
2014,ISR,AZE,1
2014,ISR,BEL,2
2014,ISR,BGR,2
2014,ISR,BLR,1
2014,ISR,CAN,3
2014,ISR,CHE,5
2014,ISR,CHN,2
2014,ISR,CYP,3
2014,ISR,CZE,4
2014,ISR,DEU,12
2014,ISR,DNK,2
2014,ISR,EGY,1
2014,ISR,ESP,6
2014,ISR,ETH,1
2014,ISR,FIN,1
2014,ISR,FRA,10
2014,ISR,GBR,6
2014,ISR,GEO,3
2014,ISR,GRC,3
2014,ISR,HKG,1
2014,ISR,HUN,2
2014,ISR,IND,1
2014,ISR,ITA,9
2014,ISR,JOR,2
2014,ISR,KOR,1
2014,ISR,LTU,1
2014,ISR,LVA,1
2014,ISR,NLD,4
2014,ISR,POL,4
2014,ISR,ROU,5
2014,ISR,RUS,10
2014,ISR,SRB,1
2014,ISR,SWE,1
2014,ISR,THA,2
2014,ISR,UKR,7
2014,ISR,USA,7
2014,ISR,UZB,1
2014,ISR,ZAF,1
2014,ITA,ALB,27
2014,ITA,ARE,8
2014,ITA,ARG,2
2014,ITA,ARM,1
2014,ITA,AUT,28
2014,ITA,AZE,4
2014,ITA,BEL,45
2014,ITA,BGD,1
2014,ITA,BGR,7
2014,ITA,BIH,1
2014,ITA,BLR,2
2014,ITA,BRA,4
2014,ITA,CAN,8
2014,ITA,CHE,38
2014,ITA,CHN,5
2014,ITA,CUB,3
2014,ITA,CYP,1
2014,ITA,CZE,19
2014,ITA,DEU,221
2014,ITA,DNK,21
2014,ITA,DOM,3
2014,ITA,DZA,4
2014,ITA,EGY,6
2014,ITA,ESP,120
2014,ITA,EST,1
2014,ITA,ETH,1
2014,ITA,FIN,5
2014,ITA,FRA,148
2014,ITA,GBR,141
2014,ITA,GEO,1
2014,ITA,GRC,25
2014,ITA,HKG,2
2014,ITA,HRV,5
2014,ITA,HUN,11
2014,ITA,IND,2
2014,ITA,IRL,16
2014,ITA,IRN,3
2014,ITA,ISR,9
2014,ITA,JOR,3
2014,ITA,JPN,4
2014,ITA,KOR,2
2014,ITA,KWT,2
2014,ITA,LBN,4
2014,ITA,LBY,2
2014,ITA,LKA,3
2014,ITA,LTU,7
2014,ITA,LUX,7
2014,ITA,LVA,9
2014,ITA,MAR,17
2014,ITA,MDA,12
2014,ITA,MEX,1
2014,ITA,MKD,3
2014,ITA,MLT,16
2014,ITA,MNE,2
2014,ITA,MUS,1
2014,ITA,NGA,1
2014,ITA,NLD,41
2014,ITA,NOR,14
2014,ITA,OMN,1
2014,ITA,PAK,1
2014,ITA,POL,29
2014,ITA,PRT,20
2014,ITA,QAT,4
2014,ITA,ROU,34
2014,ITA,RUS,34
2014,ITA,SAU,8
2014,ITA,SEN,1
2014,ITA,SGP,2
2014,ITA,SRB,6
2014,ITA,SVK,4
2014,ITA,SWE,19
2014,ITA,THA,2
2014,ITA,TUN,8
2014,ITA,UKR,10
2014,ITA,USA,53
2014,ITA,UZB,2
2014,ITA,VEN,1
2014,JAM,ATG,1
2014,JAM,BHS,1
2014,JAM,BRB,1
2014,JAM,CAN,12
2014,JAM,CYM,2
2014,JAM,DEU,1
2014,JAM,DOM,1
2014,JAM,GBR,3
2014,JAM,GUY,1
2014,JAM,NLD,1
2014,JAM,PAN,3
2014,JAM,TCA,1
2014,JAM,TTO,1
2014,JAM,USA,41
2014,JEY,CHE,2
2014,JEY,DEU,4
2014,JEY,FRA,1
2014,JEY,GBR,25
2014,JEY,GGY,3
2014,JEY,IRL,2
2014,JEY,NLD,1
2014,JOR,ARE,9
2014,JOR,AUT,3
2014,JOR,BHR,2
2014,JOR,CAN,3
2014,JOR,CHE,2
2014,JOR,CYP,1
2014,JOR,DEU,7
2014,JOR,DZA,2
2014,JOR,EGY,5
2014,JOR,ESP,4
2014,JOR,FRA,2
2014,JOR,GBR,2
2014,JOR,GRC,1
2014,JOR,IND,2
2014,JOR,IRQ,8
2014,JOR,ISR,2
2014,JOR,ITA,3
2014,JOR,KWT,3
2014,JOR,LBN,3
2014,JOR,LBY,6
2014,JOR,NGA,1
2014,JOR,NLD,1
2014,JOR,OMN,2
2014,JOR,QAT,2
2014,JOR,ROU,2
2014,JOR,RUS,2
2014,JOR,SAU,11
2014,JOR,SDN,1
2014,JOR,THA,2
2014,JOR,TUN,1
2014,JOR,UKR,1
2014,JOR,USA,6
2014,JOR,YEM,5
2014,JPN,ARE,8
2014,JPN,AUS,15
2014,JPN,AUT,2
2014,JPN,CAN,10
2014,JPN,CHE,2
2014,JPN,CHN,140
2014,JPN,DEU,11
2014,JPN,DNK,1
2014,JPN,FIN,6
2014,JPN,FRA,7
2014,JPN,GBR,8
2014,JPN,GUM,19
2014,JPN,HKG,27
2014,JPN,IDN,13
2014,JPN,IND,5
2014,JPN,ITA,4
2014,JPN,KOR,104
2014,JPN,LKA,1
2014,JPN,MAC,6
2014,JPN,MEX,1
2014,JPN,MMR,1
2014,JPN,MNG,1
2014,JPN,MNP,3
2014,JPN,MYS,10
2014,JPN,NCL,2
2014,JPN,NLD,3
2014,JPN,NZL,3
2014,JPN,PHL,15
2014,JPN,PLW,2
2014,JPN,PNG,1
2014,JPN,PYF,2
2014,JPN,QAT,6
2014,JPN,RUS,9
2014,JPN,SGP,18
2014,JPN,THA,22
2014,JPN,TWN,67
2014,JPN,USA,78
2014,JPN,UZB,1
2014,JPN,VNM,20
2014,KAZ,ARE,7
2014,KAZ,ARM,1
2014,KAZ,AUT,2
2014,KAZ,AZE,4
2014,KAZ,BLR,1
2014,KAZ,CHN,7
2014,KAZ,CZE,1
2014,KAZ,DEU,4
2014,KAZ,GBR,3
2014,KAZ,GEO,2
2014,KAZ,HKG,1
2014,KAZ,IND,1
2014,KAZ,IRN,1
2014,KAZ,KGZ,3
2014,KAZ,KOR,2
2014,KAZ,MYS,1
2014,KAZ,NLD,2
2014,KAZ,RUS,38
2014,KAZ,THA,1
2014,KAZ,TJK,3
2014,KAZ,UKR,4
2014,KAZ,UZB,4
2014,KAZ,VNM,1
2014,KEN,AGO,1
2014,KEN,ARE,9
2014,KEN,BDI,2
2014,KEN,BEL,4
2014,KEN,BWA,1
2014,KEN,CHE,3
2014,KEN,CHN,2
2014,KEN,CIV,1
2014,KEN,CMR,2
2014,KEN,COM,1
2014,KEN,DEU,1
2014,KEN,DJI,2
2014,KEN,EGY,1
2014,KEN,ERI,1
2014,KEN,ETH,6
2014,KEN,FRA,2
2014,KEN,GBR,3
2014,KEN,GHA,1
2014,KEN,IND,3
2014,KEN,KOR,2
2014,KEN,MDG,1
2014,KEN,MLI,1
2014,KEN,MOZ,4
2014,KEN,MUS,2
2014,KEN,MWI,4
2014,KEN,MYT,3
2014,KEN,NGA,1
2014,KEN,NLD,3
2014,KEN,QAT,1
2014,KEN,RWA,5
2014,KEN,SAU,2
2014,KEN,SDN,1
2014,KEN,SOM,7
2014,KEN,SSD,2
2014,KEN,SYC,1
2014,KEN,THA,3
2014,KEN,TZA,17
2014,KEN,UGA,3
2014,KEN,YEM,1
2014,KEN,ZAF,2
2014,KEN,ZMB,9
2014,KEN,ZWE,3
2014,KGZ,ARE,1
2014,KGZ,CHN,5
2014,KGZ,KAZ,3
2014,KGZ,MNG,1
2014,KGZ,RUS,51
2014,KGZ,TJK,2
2014,KGZ,UZB,2
2014,KHM,CHN,10
2014,KHM,HKG,2
2014,KHM,KOR,8
2014,KHM,LAO,5
2014,KHM,MMR,1
2014,KHM,MYS,4
2014,KHM,PHL,1
2014,KHM,SGP,9
2014,KHM,THA,8
2014,KHM,TWN,3
2014,KHM,VNM,14
2014,KIR,FJI,3
2014,KIR,MHL,1
2014,KIR,NRU,1
2014,KIR,USA,2
2014,KNA,ATG,4
2014,KNA,BHS,1
2014,KNA,PRI,4
2014,KNA,USA,2
2014,KNA,VGB,1
2014,KOR,ARE,5
2014,KOR,AUS,5
2014,KOR,AUT,1
2014,KOR,CAN,4
2014,KOR,CHN,151
2014,KOR,CZE,2
2014,KOR,DEU,4
2014,KOR,ESP,1
2014,KOR,FIN,1
2014,KOR,FJI,1
2014,KOR,FRA,3
2014,KOR,GBR,3
2014,KOR,GUM,4
2014,KOR,HKG,16
2014,KOR,IDN,6
2014,KOR,IND,3
2014,KOR,ISR,1
2014,KOR,ITA,2
2014,KOR,JPN,105
2014,KOR,KAZ,2
2014,KOR,KEN,2
2014,KOR,KHM,8
2014,KOR,LAO,2
2014,KOR,LKA,1
2014,KOR,MAC,6
2014,KOR,MMR,3
2014,KOR,MNG,2
2014,KOR,MNP,2
2014,KOR,MYS,8
2014,KOR,NLD,2
2014,KOR,NPL,1
2014,KOR,NZL,1
2014,KOR,PHL,26
2014,KOR,PLW,2
2014,KOR,QAT,2
2014,KOR,RUS,14
2014,KOR,SAU,1
2014,KOR,SGP,5
2014,KOR,THA,21
2014,KOR,TWN,18
2014,KOR,USA,39
2014,KOR,UZB,3
2014,KOR,VNM,13
2014,KWT,AFG,1
2014,KWT,ARE,11
2014,KWT,BGD,3
2014,KWT,BHR,4
2014,KWT,DEU,2
2014,KWT,EGY,16
2014,KWT,ETH,3
2014,KWT,GBR,3
2014,KWT,IND,9
2014,KWT,IRN,11
2014,KWT,IRQ,2
2014,KWT,ITA,2
2014,KWT,JOR,3
2014,KWT,LBN,3
2014,KWT,LKA,3
2014,KWT,MYS,1
2014,KWT,NLD,3
2014,KWT,OMN,2
2014,KWT,PAK,6
2014,KWT,QAT,3
2014,KWT,SAU,18
2014,KWT,THA,1
2014,KWT,TUN,1
2014,KWT,USA,2
2014,KWT,YEM,1
2014,LAO,CHN,5
2014,LAO,KHM,5
2014,LAO,KOR,2
2014,LAO,MYS,1
2014,LAO,SGP,1
2014,LAO,THA,10
2014,LAO,VNM,6
2014,LBN,ARE,6
2014,LBN,ARM,1
2014,LBN,BEL,1
2014,LBN,BHR,1
2014,LBN,BLR,1
2014,LBN,CHE,1
2014,LBN,CYP,2
2014,LBN,DEU,3
2014,LBN,DZA,1
2014,LBN,EGY,3
2014,LBN,ETH,1
2014,LBN,FRA,2
2014,LBN,GBR,2
2014,LBN,GHA,1
2014,LBN,GRC,1
2014,LBN,IRN,2
2014,LBN,IRQ,5
2014,LBN,ITA,4
2014,LBN,JOR,3
2014,LBN,KWT,3
2014,LBN,MAR,1
2014,LBN,NGA,2
2014,LBN,OMN,1
2014,LBN,QAT,2
2014,LBN,ROU,2
2014,LBN,RUS,2
2014,LBN,SAU,7
2014,LBN,TUN,2
2014,LBN,YEM,1
2014,LBR,BEL,3
2014,LBR,CIV,1
2014,LBR,GHA,5
2014,LBR,MAR,1
2014,LBR,NGA,1
2014,LBR,SLE,7
2014,LBY,ARE,1
2014,LBY,DZA,2
2014,LBY,EGY,10
2014,LBY,ESP,1
2014,LBY,GBR,3
2014,LBY,ITA,2
2014,LBY,JOR,6
2014,LBY,MAR,5
2014,LBY,MLT,3
2014,LBY,SAU,2
2014,LBY,TUN,22
2014,LCA,ATG,2
2014,LCA,BRB,2
2014,LCA,CAN,2
2014,LCA,DMA,1
2014,LCA,GBR,3
2014,LCA,GRD,3
2014,LCA,MTQ,5
2014,LCA,TTO,4
2014,LCA,USA,7
2014,LCA,VCT,1
2014,LKA,ARE,12
2014,LKA,BGD,2
2014,LKA,BHR,2
2014,LKA,CHN,5
2014,LKA,DEU,1
2014,LKA,FRA,1
2014,LKA,GBR,1
2014,LKA,IDN,2
2014,LKA,IND,22
2014,LKA,ITA,3
2014,LKA,JPN,1
2014,LKA,KOR,1
2014,LKA,KWT,3
2014,LKA,MDV,11
2014,LKA,MYS,4
2014,LKA,OMN,3
2014,LKA,PAK,2
2014,LKA,QAT,2
2014,LKA,RUS,1
2014,LKA,SAU,11
2014,LKA,SGP,5
2014,LKA,SYC,2
2014,LKA,THA,4
2014,LSO,ZAF,1
2014,LTU,AUT,1
2014,LTU,BEL,5
2014,LTU,BLR,1
2014,LTU,CYP,1
2014,LTU,CZE,1
2014,LTU,DEU,7
2014,LTU,DNK,3
2014,LTU,ESP,4
2014,LTU,EST,3
2014,LTU,FIN,2
2014,LTU,FRA,3
2014,LTU,GBR,10
2014,LTU,GEO,1
2014,LTU,GRC,4
2014,LTU,IRL,4
2014,LTU,ISR,1
2014,LTU,ITA,7
2014,LTU,LVA,2
2014,LTU,MLT,1
2014,LTU,NLD,1
2014,LTU,NOR,8
2014,LTU,POL,1
2014,LTU,RUS,4
2014,LTU,SWE,2
2014,LTU,UKR,2
2014,LUX,AUT,2
2014,LUX,BGR,1
2014,LUX,CHE,2
2014,LUX,CPV,1
2014,LUX,DEU,9
2014,LUX,DNK,2
2014,LUX,ESP,12
2014,LUX,FRA,7
2014,LUX,GBR,4
2014,LUX,GRC,4
2014,LUX,HRV,1
2014,LUX,IRL,1
2014,LUX,ITA,8
2014,LUX,MAR,2
2014,LUX,MLT,1
2014,LUX,NLD,1
2014,LUX,PRT,7
2014,LUX,SWE,1
2014,LUX,TUN,1
2014,LVA,AUT,2
2014,LVA,AZE,2
2014,LVA,BEL,2
2014,LVA,BLR,2
2014,LVA,CHE,1
2014,LVA,CYP,1
2014,LVA,CZE,2
2014,LVA,DEU,14
2014,LVA,DNK,4
2014,LVA,ESP,3
2014,LVA,EST,1
2014,LVA,FIN,3
2014,LVA,FRA,3
2014,LVA,GBR,7
2014,LVA,GEO,2
2014,LVA,GRC,2
2014,LVA,HUN,1
2014,LVA,IRL,1
2014,LVA,ISR,1
2014,LVA,ITA,9
2014,LVA,LTU,2
2014,LVA,MDA,1
2014,LVA,MLT,1
2014,LVA,NLD,3
2014,LVA,NOR,10
2014,LVA,POL,2
2014,LVA,RUS,8
2014,LVA,SWE,4
2014,LVA,UKR,2
2014,LVA,USA,1
2014,LVA,UZB,2
2014,MAC,CHN,46
2014,MAC,JPN,6
2014,MAC,KOR,6
2014,MAC,MYS,1
2014,MAC,PHL,5
2014,MAC,SGP,1
2014,MAC,THA,4
2014,MAC,TWN,8
2014,MAC,VNM,2
2014,MAR,AGO,1
2014,MAR,ARE,4
2014,MAR,BEL,21
2014,MAR,BEN,1
2014,MAR,BFA,1
2014,MAR,BRA,1
2014,MAR,CAN,1
2014,MAR,CHE,5
2014,MAR,CIV,1
2014,MAR,CMR,2
2014,MAR,CPV,1
2014,MAR,DEU,21
2014,MAR,DNK,1
2014,MAR,DZA,3
2014,MAR,EGY,2
2014,MAR,ESH,4
2014,MAR,ESP,39
2014,MAR,FRA,80
2014,MAR,GAB,1
2014,MAR,GBR,26
2014,MAR,GIN,1
2014,MAR,GMB,1
2014,MAR,GNB,1
2014,MAR,GNQ,1
2014,MAR,IRL,1
2014,MAR,ITA,17
2014,MAR,LBN,1
2014,MAR,LBR,1
2014,MAR,LBY,5
2014,MAR,LUX,2
2014,MAR,MLI,1
2014,MAR,MRT,3
2014,MAR,NER,1
2014,MAR,NLD,11
2014,MAR,NOR,1
2014,MAR,PRT,4
2014,MAR,QAT,1
2014,MAR,RUS,2
2014,MAR,SAU,4
2014,MAR,SEN,1
2014,MAR,SLE,1
2014,MAR,SWE,1
2014,MAR,TGO,1
2014,MAR,TUN,2
2014,MAR,USA,1
2014,MDA,ARE,1
2014,MDA,AUT,1
2014,MDA,CYP,1
2014,MDA,DEU,2
2014,MDA,FRA,1
2014,MDA,GBR,1
2014,MDA,GRC,1
2014,MDA,IRL,1
2014,MDA,ITA,12
2014,MDA,LVA,1
2014,MDA,PRT,1
2014,MDA,ROU,3
2014,MDA,RUS,5
2014,MDA,UKR,1
2014,MDG,COM,1
2014,MDG,FRA,5
2014,MDG,KEN,1
2014,MDG,MUS,2
2014,MDG,MYT,5
2014,MDG,REU,7
2014,MDG,THA,2
2014,MDG,ZAF,2
2014,MDV,ARE,4
2014,MDV,CHN,4
2014,MDV,DEU,1
2014,MDV,GBR,1
2014,MDV,HKG,2
2014,MDV,IND,5
2014,MDV,ITA,1
2014,MDV,LKA,13
2014,MDV,MYS,1
2014,MDV,OMN,1
2014,MDV,QAT,1
2014,MDV,RUS,2
2014,MDV,SGP,2
2014,MDV,THA,1
2014,MEX,ARG,2
2014,MEX,BLZ,2
2014,MEX,BRA,2
2014,MEX,CAN,30
2014,MEX,CHL,3
2014,MEX,CHN,1
2014,MEX,COL,6
2014,MEX,CRI,3
2014,MEX,CUB,5
2014,MEX,DEU,4
2014,MEX,ECU,1
2014,MEX,ESP,8
2014,MEX,FRA,4
2014,MEX,GBR,12
2014,MEX,GTM,3
2014,MEX,HND,1
2014,MEX,ITA,3
2014,MEX,JPN,2
2014,MEX,NLD,2
2014,MEX,PAN,8
2014,MEX,PER,4
2014,MEX,RUS,1
2014,MEX,SLV,3
2014,MEX,USA,373
2014,MEX,VEN,1
2014,MHL,FSM,2
2014,MHL,KIR,1
2014,MHL,NRU,1
2014,MHL,USA,1
2014,MKD,ARE,1
2014,MKD,AUT,1
2014,MKD,BEL,1
2014,MKD,CHE,2
2014,MKD,DEU,5
2014,MKD,GBR,1
2014,MKD,HRV,1
2014,MKD,ITA,3
2014,MKD,NLD,1
2014,MKD,SRB,1
2014,MKD,SVN,1
2014,MKD,SWE,3
2014,MLI,BEN,3
2014,MLI,BFA,3
2014,MLI,CIV,3
2014,MLI,DZA,1
2014,MLI,ETH,2
2014,MLI,FRA,2
2014,MLI,GIN,2
2014,MLI,KEN,1
2014,MLI,MAR,1
2014,MLI,MRT,1
2014,MLI,NGA,1
2014,MLI,PRT,1
2014,MLI,SEN,5
2014,MLI,TGO,1
2014,MLI,TUN,1
2014,MLT,AUT,4
2014,MLT,BEL,2
2014,MLT,CHE,3
2014,MLT,CYP,2
2014,MLT,CZE,2
2014,MLT,DEU,8
2014,MLT,DNK,2
2014,MLT,DZA,1
2014,MLT,ESP,4
2014,MLT,FRA,11
2014,MLT,GBR,28
2014,MLT,GRC,1
2014,MLT,HUN,2
2014,MLT,IRL,1
2014,MLT,ITA,15
2014,MLT,LBY,4
2014,MLT,LTU,1
2014,MLT,LUX,1
2014,MLT,LVA,1
2014,MLT,NLD,3
2014,MLT,NOR,2
2014,MLT,POL,2
2014,MLT,RUS,4
2014,MLT,SWE,3
2014,MLT,TUN,2
2014,MMR,BGD,1
2014,MMR,CHN,8
2014,MMR,HKG,1
2014,MMR,IND,1
2014,MMR,JPN,1
2014,MMR,KHM,1
2014,MMR,KOR,3
2014,MMR,MYS,3
2014,MMR,QAT,1
2014,MMR,SGP,6
2014,MMR,THA,12
2014,MMR,TWN,1
2014,MMR,VNM,2
2014,MNE,AUT,2
2014,MNE,BEL,2
2014,MNE,CHE,1
2014,MNE,DEU,2
2014,MNE,FRA,2
2014,MNE,GBR,2
2014,MNE,ITA,2
2014,MNE,RUS,7
2014,MNE,SRB,4
2014,MNE,SVN,2
2014,MNG,CHN,4
2014,MNG,HKG,2
2014,MNG,JPN,1
2014,MNG,KGZ,1
2014,MNG,KOR,2
2014,MNG,RUS,2
2014,MNG,THA,1
2014,MNP,CHN,3
2014,MNP,GUM,2
2014,MNP,JPN,3
2014,MNP,KOR,2
2014,MOZ,AGO,1
2014,MOZ,ETH,1
2014,MOZ,KEN,4
2014,MOZ,PRT,1
2014,MOZ,TZA,1
2014,MOZ,ZAF,15
2014,MRT,ESP,3
2014,MRT,FRA,1
2014,MRT,GIN,1
2014,MRT,MAR,3
2014,MRT,MLI,1
2014,MRT,SEN,3
2014,MRT,TUN,1
2014,MTQ,BRB,1
2014,MTQ,CAN,1
2014,MTQ,CUB,1
2014,MTQ,DOM,2
2014,MTQ,FRA,4
2014,MTQ,GLP,4
2014,MTQ,GUF,2
2014,MTQ,LCA,4
2014,MTQ,PRI,2
2014,MTQ,USA,2
2014,MUS,ARE,2
2014,MUS,AUS,1
2014,MUS,CHN,2
2014,MUS,DEU,1
2014,MUS,FRA,3
2014,MUS,GBR,3
2014,MUS,HKG,1
2014,MUS,IND,6
2014,MUS,ITA,1
2014,MUS,KEN,2
2014,MUS,MDG,2
2014,MUS,MYS,2
2014,MUS,REU,7
2014,MUS,RUS,1
2014,MUS,SYC,1
2014,MUS,ZAF,5
2014,MWI,ETH,1
2014,MWI,KEN,4
2014,MWI,TZA,1
2014,MWI,ZAF,3
2014,MWI,ZMB,5
2014,MWI,ZWE,1
2014,MYS,ARE,7
2014,MYS,AUS,14
2014,MYS,BGD,6
2014,MYS,BRN,7
2014,MYS,CHN,29
2014,MYS,DEU,3
2014,MYS,FRA,3
2014,MYS,GBR,2
2014,MYS,HKG,11
2014,MYS,IDN,46
2014,MYS,IND,22
2014,MYS,IRN,2
2014,MYS,JPN,10
2014,MYS,KAZ,1
2014,MYS,KHM,4
2014,MYS,KOR,8
2014,MYS,KWT,1
2014,MYS,LAO,1
2014,MYS,LKA,4
2014,MYS,MAC,1
2014,MYS,MDV,1
2014,MYS,MMR,3
2014,MYS,MUS,2
2014,MYS,NLD,3
2014,MYS,NPL,3
2014,MYS,NZL,1
2014,MYS,OMN,2
2014,MYS,PAK,3
2014,MYS,PHL,9
2014,MYS,PRK,1
2014,MYS,QAT,2
2014,MYS,SAU,6
2014,MYS,SGP,39
2014,MYS,THA,33
2014,MYS,TWN,7
2014,MYS,UZB,2
2014,MYS,VNM,6
2014,MYT,COM,5
2014,MYT,MDG,7
2014,MYT,REU,2
2014,MYT,TZA,1
2014,NAM,AGO,3
2014,NAM,BWA,1
2014,NAM,DEU,1
2014,NAM,GHA,1
2014,NAM,ZAF,9
2014,NAM,ZMB,2
2014,NAM,ZWE,2
2014,NCL,AUS,4
2014,NCL,FJI,1
2014,NCL,JPN,2
2014,NCL,NZL,2
2014,NCL,PYF,1
2014,NCL,VUT,2
2014,NCL,WLF,1
2014,NER,BEN,1
2014,NER,BFA,8
2014,NER,DZA,1
2014,NER,ETH,1
2014,NER,FRA,3
2014,NER,MAR,1
2014,NER,NGA,1
2014,NER,TCD,1
2014,NFK,AUS,2
2014,NFK,NZL,1
2014,NGA,ARE,2
2014,NGA,BEN,3
2014,NGA,CIV,4
2014,NGA,CMR,2
2014,NGA,DEU,4
2014,NGA,EGY,3
2014,NGA,ESP,1
2014,NGA,ETH,3
2014,NGA,FRA,4
2014,NGA,GAB,1
2014,NGA,GBR,4
2014,NGA,GHA,6
2014,NGA,GNQ,2
2014,NGA,JOR,1
2014,NGA,KEN,1
2014,NGA,LBN,2
2014,NGA,LBR,1
2014,NGA,MAR,1
2014,NGA,MLI,1
2014,NGA,NER,1
2014,NGA,NLD,1
2014,NGA,QAT,1
2014,NGA,RWA,1
2014,NGA,SAU,1
2014,NGA,SDN,1
2014,NGA,SEN,1
2014,NGA,SLE,1
2014,NGA,TCD,2
2014,NGA,TGO,2
2014,NGA,USA,3
2014,NGA,ZAF,2
2014,NIC,CRI,4
2014,NIC,GTM,1
2014,NIC,PAN,2
2014,NIC,SLV,2
2014,NIC,USA,6
2014,NIU,NZL,1
2014,NLD,ABW,2
2014,NLD,AGO,1
2014,NLD,ARE,10
2014,NLD,ARG,1
2014,NLD,AUT,5
2014,NLD,BEL,1
2014,NLD,BGR,2
2014,NLD,BLR,1
2014,NLD,BRA,2
2014,NLD,CAN,10
2014,NLD,CHE,6
2014,NLD,CHN,13
2014,NLD,CPV,1
2014,NLD,CUB,3
2014,NLD,CYP,3
2014,NLD,CZE,5
2014,NLD,DEU,25
2014,NLD,DNK,11
2014,NLD,DOM,2
2014,NLD,ECU,2
2014,NLD,EGY,2
2014,NLD,ESP,68
2014,NLD,EST,2
2014,NLD,FIN,4
2014,NLD,FRA,34
2014,NLD,GBR,54
2014,NLD,GEO,2
2014,NLD,GGY,1
2014,NLD,GHA,1
2014,NLD,GRC,21
2014,NLD,HKG,2
2014,NLD,HRV,3
2014,NLD,HUN,4
2014,NLD,IND,3
2014,NLD,IRL,4
2014,NLD,IRN,1
2014,NLD,IRQ,1
2014,NLD,ISL,1
2014,NLD,ISR,4
2014,NLD,ITA,42
2014,NLD,JEY,1
2014,NLD,JOR,1
2014,NLD,JPN,3
2014,NLD,KAZ,2
2014,NLD,KEN,3
2014,NLD,KOR,2
2014,NLD,KWT,3
2014,NLD,LTU,1
2014,NLD,LUX,1
2014,NLD,LVA,3
2014,NLD,MAR,10
2014,NLD,MEX,1
2014,NLD,MKD,1
2014,NLD,MLT,3
2014,NLD,MYS,3
2014,NLD,NGA,1
2014,NLD,NOR,15
2014,NLD,PAN,2
2014,NLD,PER,2
2014,NLD,POL,9
2014,NLD,PRT,23
2014,NLD,QAT,3
2014,NLD,ROU,4
2014,NLD,RUS,4
2014,NLD,RWA,3
2014,NLD,SAU,3
2014,NLD,SGP,2
2014,NLD,SRB,3
2014,NLD,SUR,2
2014,NLD,SVN,1
2014,NLD,SWE,7
2014,NLD,THA,3
2014,NLD,TUN,1
2014,NLD,TWN,2
2014,NLD,TZA,3
2014,NLD,UKR,2
2014,NLD,USA,39
2014,NLD,ZAF,3
2014,NLD,ZWE,3
2014,NOR,AUT,2
2014,NOR,BEL,3
2014,NOR,BGR,1
2014,NOR,CHE,3
2014,NOR,CYP,1
2014,NOR,CZE,3
2014,NOR,DEU,26
2014,NOR,DNK,29
2014,NOR,ESP,52
2014,NOR,EST,6
2014,NOR,FIN,3
2014,NOR,FRA,15
2014,NOR,FRO,2
2014,NOR,GBR,42
2014,NOR,GRC,11
2014,NOR,HRV,9
2014,NOR,HUN,1
2014,NOR,IRL,3
2014,NOR,ISL,6
2014,NOR,ITA,14
2014,NOR,LTU,8
2014,NOR,LVA,10
2014,NOR,MAR,1
2014,NOR,MLT,2
2014,NOR,NLD,15
2014,NOR,PAK,1
2014,NOR,POL,31
2014,NOR,PRT,3
2014,NOR,QAT,1
2014,NOR,ROU,1
2014,NOR,RUS,4
2014,NOR,SRB,2
2014,NOR,SVK,1
2014,NOR,SWE,13
2014,NOR,THA,3
2014,NOR,UKR,1
2014,NOR,USA,5
2014,NPL,ARE,4
2014,NPL,BGD,4
2014,NPL,BTN,1
2014,NPL,CHN,4
2014,NPL,HKG,1
2014,NPL,IND,8
2014,NPL,KOR,1
2014,NPL,MYS,3
2014,NPL,OMN,1
2014,NPL,PAK,1
2014,NPL,QAT,2
2014,NPL,SGP,2
2014,NPL,THA,2
2014,NRU,AUS,1
2014,NRU,KIR,1
2014,NRU,MHL,1
2014,NZL,AUS,64
2014,NZL,CHL,2
2014,NZL,CHN,3
2014,NZL,COK,2
2014,NZL,FJI,3
2014,NZL,HKG,2
2014,NZL,JPN,3
2014,NZL,KOR,1
2014,NZL,MYS,1
2014,NZL,NCL,2
2014,NZL,PYF,4
2014,NZL,SGP,5
2014,NZL,THA,2
2014,NZL,TON,2
2014,NZL,USA,4
2014,NZL,VUT,2
2014,NZL,WSM,2
2014,OMN,ARE,20
2014,OMN,BGD,4
2014,OMN,BHR,3
2014,OMN,CHE,2
2014,OMN,DEU,2
2014,OMN,EGY,2
2014,OMN,ETH,2
2014,OMN,FRA,1
2014,OMN,GBR,1
2014,OMN,IND,24
2014,OMN,IRN,3
2014,OMN,ITA,1
2014,OMN,JOR,2
2014,OMN,KWT,2
2014,OMN,LBN,1
2014,OMN,LKA,3
2014,OMN,MDV,1
2014,OMN,MYS,2
2014,OMN,NPL,1
2014,OMN,PAK,14
2014,OMN,QAT,6
2014,OMN,SAU,7
2014,OMN,THA,1
2014,OMN,TZA,1
2014,PAK,AFG,4
2014,PAK,ARE,51
2014,PAK,BGD,1
2014,PAK,BHR,6
2014,PAK,CAN,3
2014,PAK,CHN,4
2014,PAK,DNK,1
2014,PAK,ESP,2
2014,PAK,FRA,1
2014,PAK,GBR,7
2014,PAK,IND,3
2014,PAK,IRN,3
2014,PAK,ITA,2
2014,PAK,KWT,6
2014,PAK,LKA,2
2014,PAK,MYS,3
2014,PAK,NOR,1
2014,PAK,NPL,1
2014,PAK,OMN,13
2014,PAK,QAT,6
2014,PAK,SAU,39
2014,PAK,THA,4
2014,PAN,ABW,1
2014,PAN,ARG,2
2014,PAN,BHS,1
2014,PAN,BOL,1
2014,PAN,BRA,7
2014,PAN,CAN,1
2014,PAN,CHL,1
2014,PAN,COL,10
2014,PAN,CRI,7
2014,PAN,CUB,2
2014,PAN,DOM,4
2014,PAN,ECU,3
2014,PAN,ESP,1
2014,PAN,FRA,1
2014,PAN,GTM,1
2014,PAN,HND,2
2014,PAN,HTI,2
2014,PAN,JAM,2
2014,PAN,MEX,8
2014,PAN,NIC,2
2014,PAN,NLD,2
2014,PAN,PER,2
2014,PAN,PRI,1
2014,PAN,PRY,1
2014,PAN,SLV,2
2014,PAN,TTO,2
2014,PAN,URY,1
2014,PAN,USA,30
2014,PAN,VEN,6
2014,PER,ARG,4
2014,PER,BOL,8
2014,PER,BRA,10
2014,PER,CAN,1
2014,PER,CHL,7
2014,PER,COL,4
2014,PER,CRI,1
2014,PER,CUB,2
2014,PER,DOM,2
2014,PER,ECU,6
2014,PER,ESP,3
2014,PER,FRA,2
2014,PER,MEX,4
2014,PER,NLD,2
2014,PER,PAN,2
2014,PER,PRY,1
2014,PER,SLV,1
2014,PER,URY,1
2014,PER,USA,21
2014,PER,VEN,2
2014,PHL,ARE,7
2014,PHL,AUS,4
2014,PHL,BHR,2
2014,PHL,BRN,2
2014,PHL,CAN,1
2014,PHL,CHN,13
2014,PHL,GBR,1
2014,PHL,GUM,2
2014,PHL,HKG,11
2014,PHL,IDN,5
2014,PHL,JPN,15
2014,PHL,KHM,1
2014,PHL,KOR,27
2014,PHL,MAC,5
2014,PHL,MYS,9
2014,PHL,PLW,1
2014,PHL,PNG,2
2014,PHL,QAT,3
2014,PHL,SAU,5
2014,PHL,SGP,17
2014,PHL,THA,6
2014,PHL,TWN,9
2014,PHL,USA,3
2014,PHL,VNM,4
2014,PLW,FSM,1
2014,PLW,GUM,1
2014,PLW,JPN,3
2014,PLW,KOR,2
2014,PLW,PHL,1
2014,PLW,TWN,2
2014,PNG,AUS,9
2014,PNG,FJI,1
2014,PNG,HKG,1
2014,PNG,IDN,1
2014,PNG,JPN,1
2014,PNG,PHL,2
2014,PNG,SGP,1
2014,PNG,SLB,1
2014,POL,ARE,2
2014,POL,ARM,1
2014,POL,AUT,4
2014,POL,BEL,6
2014,POL,BGR,2
2014,POL,BLR,2
2014,POL,CAN,2
2014,POL,CHE,7
2014,POL,CHN,2
2014,POL,CYP,2
2014,POL,CZE,3
2014,POL,DEU,44
2014,POL,DNK,8
2014,POL,ESP,22
2014,POL,EST,1
2014,POL,FIN,5
2014,POL,FRA,15
2014,POL,GBR,67
2014,POL,GEO,3
2014,POL,GRC,7
2014,POL,HRV,3
2014,POL,HUN,2
2014,POL,IRL,15
2014,POL,ISR,4
2014,POL,ITA,29
2014,POL,LTU,1
2014,POL,LVA,2
2014,POL,MLT,2
2014,POL,NLD,9
2014,POL,NOR,31
2014,POL,PRT,2
2014,POL,QAT,1
2014,POL,ROU,2
2014,POL,RUS,4
2014,POL,SRB,2
2014,POL,SVN,2
2014,POL,SWE,13
2014,POL,UKR,6
2014,POL,USA,2
2014,PRI,AIA,2
2014,PRI,ATG,1
2014,PRI,CAN,1
2014,PRI,COL,1
2014,PRI,DEU,1
2014,PRI,DMA,4
2014,PRI,DOM,9
2014,PRI,FRA,1
2014,PRI,GLP,2
2014,PRI,KNA,4
2014,PRI,MTQ,2
2014,PRI,PAN,1
2014,PRI,TCA,1
2014,PRI,USA,53
2014,PRI,VEN,1
2014,PRI,VGB,15
2014,PRK,CHN,3
2014,PRK,MYS,1
2014,PRK,RUS,1
2014,PRT,AGO,3
2014,PRT,ARE,2
2014,PRT,AUT,6
2014,PRT,BEL,18
2014,PRT,BRA,12
2014,PRT,CAN,8
2014,PRT,CHE,17
2014,PRT,CPV,9
2014,PRT,CZE,2
2014,PRT,DEU,62
2014,PRT,DNK,5
2014,PRT,DZA,2
2014,PRT,ESP,43
2014,PRT,FIN,2
2014,PRT,FRA,51
2014,PRT,GBR,82
2014,PRT,GHA,1
2014,PRT,HUN,1
2014,PRT,IRL,12
2014,PRT,ITA,18
2014,PRT,LUX,7
2014,PRT,MAR,4
2014,PRT,MDA,1
2014,PRT,MLI,1
2014,PRT,MOZ,1
2014,PRT,NLD,22
2014,PRT,NOR,3
2014,PRT,POL,2
2014,PRT,ROU,1
2014,PRT,RUS,2
2014,PRT,SEN,1
2014,PRT,STP,2
2014,PRT,SWE,4
2014,PRT,TUN,1
2014,PRT,UKR,2
2014,PRT,USA,14
2014,PRT,VEN,3
2014,PRY,ARG,4
2014,PRY,BOL,2
2014,PRY,BRA,5
2014,PRY,CHL,2
2014,PRY,PAN,1
2014,PRY,PER,1
2014,PRY,URY,1
2014,PRY,USA,2
2014,PYF,CHL,1
2014,PYF,COK,2
2014,PYF,JPN,2
2014,PYF,NCL,1
2014,PYF,NZL,4
2014,PYF,USA,7
2014,QAT,ARE,11
2014,QAT,AUS,2
2014,QAT,AUT,1
2014,QAT,AZE,2
2014,QAT,BEL,1
2014,QAT,BGD,1
2014,QAT,BHR,12
2014,QAT,BRA,1
2014,QAT,CAN,1
2014,QAT,CHE,3
2014,QAT,CHN,6
2014,QAT,CYP,1
2014,QAT,DEU,9
2014,QAT,DNK,1
2014,QAT,DZA,1
2014,QAT,EGY,4
2014,QAT,ESP,6
2014,QAT,ETH,1
2014,QAT,FRA,1
2014,QAT,GBR,4
2014,QAT,GRC,2
2014,QAT,HKG,2
2014,QAT,HUN,1
2014,QAT,IDN,1
2014,QAT,IND,17
2014,QAT,IRN,5
2014,QAT,IRQ,5
2014,QAT,ITA,4
2014,QAT,JOR,2
2014,QAT,JPN,6
2014,QAT,KEN,1
2014,QAT,KOR,2
2014,QAT,KWT,2
2014,QAT,LBN,2
2014,QAT,LKA,2
2014,QAT,MAR,1
2014,QAT,MDV,1
2014,QAT,MMR,1
2014,QAT,MYS,2
2014,QAT,NGA,1
2014,QAT,NLD,3
2014,QAT,NOR,1
2014,QAT,NPL,2
2014,QAT,OMN,6
2014,QAT,PAK,5
2014,QAT,PHL,3
2014,QAT,POL,1
2014,QAT,ROU,1
2014,QAT,RUS,1
2014,QAT,SAU,9
2014,QAT,SDN,2
2014,QAT,SGP,1
2014,QAT,SWE,1
2014,QAT,THA,1
2014,QAT,TUN,1
2014,QAT,TZA,1
2014,QAT,UGA,1
2014,QAT,USA,11
2014,QAT,VNM,1
2014,QAT,YEM,3
2014,QAT,ZAF,1
2014,REU,COM,1
2014,REU,FRA,5
2014,REU,IND,1
2014,REU,MDG,6
2014,REU,MUS,7
2014,REU,MYT,1
2014,REU,ZAF,1
2014,ROU,ARE,3
2014,ROU,AUT,8
2014,ROU,BEL,4
2014,ROU,BGR,3
2014,ROU,CHE,3
2014,ROU,CYP,3
2014,ROU,CZE,5
2014,ROU,DEU,16
2014,ROU,DNK,1
2014,ROU,ESP,17
2014,ROU,FRA,7
2014,ROU,GBR,11
2014,ROU,GRC,4
2014,ROU,HUN,1
2014,ROU,IRL,2
2014,ROU,ISR,5
2014,ROU,ITA,34
2014,ROU,JOR,2
2014,ROU,LBN,2
2014,ROU,MDA,3
2014,ROU,NLD,4
2014,ROU,NOR,1
2014,ROU,POL,2
2014,ROU,PRT,1
2014,ROU,QAT,1
2014,ROU,RUS,2
2014,ROU,SRB,2
2014,RUS,ARE,35
2014,RUS,ARM,27
2014,RUS,AUT,13
2014,RUS,AZE,21
2014,RUS,BEL,2
2014,RUS,BGR,8
2014,RUS,BLR,12
2014,RUS,CAN,2
2014,RUS,CHE,6
2014,RUS,CHN,48
2014,RUS,CUB,3
2014,RUS,CYP,11
2014,RUS,CZE,24
2014,RUS,DEU,47
2014,RUS,DNK,3
2014,RUS,DOM,4
2014,RUS,DZA,1
2014,RUS,EGY,11
2014,RUS,ESP,28
2014,RUS,EST,3
2014,RUS,FIN,9
2014,RUS,FRA,11
2014,RUS,GBR,8
2014,RUS,GEO,5
2014,RUS,GRC,28
2014,RUS,HKG,9
2014,RUS,HRV,2
2014,RUS,HUN,4
2014,RUS,IND,2
2014,RUS,IRN,2
2014,RUS,ISR,10
2014,RUS,ITA,34
2014,RUS,JOR,2
2014,RUS,JPN,9
2014,RUS,KAZ,35
2014,RUS,KGZ,49
2014,RUS,KOR,13
2014,RUS,LBN,2
2014,RUS,LKA,1
2014,RUS,LTU,4
2014,RUS,LVA,8
2014,RUS,MAR,2
2014,RUS,MDA,5
2014,RUS,MDV,2
2014,RUS,MEX,1
2014,RUS,MLT,4
2014,RUS,MNE,7
2014,RUS,MNG,2
2014,RUS,MUS,1
2014,RUS,NLD,4
2014,RUS,NOR,4
2014,RUS,POL,4
2014,RUS,PRK,1
2014,RUS,PRT,2
2014,RUS,QAT,1
2014,RUS,ROU,2
2014,RUS,SGP,2
2014,RUS,SRB,2
2014,RUS,SVN,2
2014,RUS,SWE,4
2014,RUS,SYC,1
2014,RUS,THA,11
2014,RUS,TJK,77
2014,RUS,TKM,2
2014,RUS,TUN,6
2014,RUS,UKR,38
2014,RUS,USA,13
2014,RUS,UZB,81
2014,RUS,VNM,6
2014,RWA,ARE,1
2014,RWA,BDI,7
2014,RWA,BEL,1
2014,RWA,ETH,2
2014,RWA,GAB,1
2014,RWA,KEN,8
2014,RWA,NGA,1
2014,RWA,SSD,1
2014,RWA,TZA,2
2014,RWA,UGA,11
2014,RWA,ZAF,2
2014,SAU,ARE,46
2014,SAU,BGD,7
2014,SAU,BHR,8
2014,SAU,BRN,1
2014,SAU,CAN,1
2014,SAU,CHE,2
2014,SAU,CHN,2
2014,SAU,DEU,10
2014,SAU,DZA,2
2014,SAU,EGY,54
2014,SAU,ERI,1
2014,SAU,ESP,2
2014,SAU,ETH,9
2014,SAU,FRA,4
2014,SAU,GBR,7
2014,SAU,HKG,1
2014,SAU,IDN,6
2014,SAU,IND,38
2014,SAU,IRN,12
2014,SAU,ITA,8
2014,SAU,JOR,10
2014,SAU,KEN,2
2014,SAU,KOR,1
2014,SAU,KWT,17
2014,SAU,LBN,5
2014,SAU,LBY,2
2014,SAU,LKA,9
2014,SAU,MAR,4
2014,SAU,MYS,5
2014,SAU,NGA,1
2014,SAU,NLD,3
2014,SAU,OMN,7
2014,SAU,PAK,40
2014,SAU,PHL,5
2014,SAU,QAT,9
2014,SAU,SDN,8
2014,SAU,SGP,3
2014,SAU,TCD,1
2014,SAU,TUN,3
2014,SAU,USA,5
2014,SAU,YEM,15
2014,SAU,ZAF,1
2014,SDN,ARE,10
2014,SDN,BHR,1
2014,SDN,EGY,3
2014,SDN,ERI,1
2014,SDN,ETH,2
2014,SDN,JOR,2
2014,SDN,KEN,1
2014,SDN,QAT,2
2014,SDN,SAU,8
2014,SDN,SSD,2
2014,SDN,TCD,1
2014,SDN,YEM,1
2014,SEN,ARE,1
2014,SEN,BEL,5
2014,SEN,BEN,2
2014,SEN,BFA,1
2014,SEN,CIV,3
2014,SEN,CMR,1
2014,SEN,CPV,2
2014,SEN,DZA,1
2014,SEN,ESP,8
2014,SEN,FRA,3
2014,SEN,GHA,3
2014,SEN,GIN,8
2014,SEN,GMB,4
2014,SEN,GNB,2
2014,SEN,ITA,1
2014,SEN,MAR,1
2014,SEN,MLI,5
2014,SEN,MRT,2
2014,SEN,NGA,1
2014,SEN,PRT,1
2014,SEN,SLE,2
2014,SEN,TUN,1
2014,SEN,USA,4
2014,SEN,ZAF,3
2014,SGP,ARE,11
2014,SGP,AUS,42
2014,SGP,BGD,4
2014,SGP,BRN,2
2014,SGP,CHE,3
2014,SGP,CHN,44
2014,SGP,DEU,7
2014,SGP,DNK,2
2014,SGP,ESP,1
2014,SGP,FIN,1
2014,SGP,FRA,2
2014,SGP,GBR,4
2014,SGP,HKG,8
2014,SGP,IDN,62
2014,SGP,IND,37
2014,SGP,ITA,2
2014,SGP,JPN,18
2014,SGP,KHM,8
2014,SGP,KOR,5
2014,SGP,LAO,1
2014,SGP,LKA,5
2014,SGP,MAC,1
2014,SGP,MDV,2
2014,SGP,MMR,6
2014,SGP,MYS,39
2014,SGP,NLD,3
2014,SGP,NPL,2
2014,SGP,NZL,5
2014,SGP,PHL,17
2014,SGP,PNG,1
2014,SGP,QAT,1
2014,SGP,RUS,2
2014,SGP,SAU,3
2014,SGP,THA,27
2014,SGP,TWN,8
2014,SGP,UZB,2
2014,SGP,VNM,12
2014,SGP,ZAF,4
2014,SLB,AUS,2
2014,SLB,FJI,2
2014,SLB,PNG,1
2014,SLB,VUT,3
2014,SLE,CIV,1
2014,SLE,FRA,2
2014,SLE,GBR,2
2014,SLE,GHA,3
2014,SLE,GMB,2
2014,SLE,LBR,8
2014,SLE,MAR,1
2014,SLE,NGA,1
2014,SLE,SEN,2
2014,SLV,BLZ,1
2014,SLV,CAN,1
2014,SLV,COL,3
2014,SLV,CRI,2
2014,SLV,CUB,1
2014,SLV,ECU,2
2014,SLV,ESP,2
2014,SLV,GTM,1
2014,SLV,HND,3
2014,SLV,MEX,3
2014,SLV,NIC,2
2014,SLV,PAN,2
2014,SLV,PER,1
2014,SLV,USA,29
2014,SOM,ARE,2
2014,SOM,DJI,4
2014,SOM,ETH,1
2014,SOM,KEN,6
2014,SOM,UGA,1
2014,SOM,YEM,1
2014,SPM,CAN,3
2014,SRB,ARE,3
2014,SRB,AUT,3
2014,SRB,BEL,2
2014,SRB,BGR,2
2014,SRB,BIH,3
2014,SRB,CHE,9
2014,SRB,CYP,2
2014,SRB,CZE,1
2014,SRB,DEU,25
2014,SRB,DNK,2
2014,SRB,FRA,4
2014,SRB,GBR,4
2014,SRB,GRC,4
2014,SRB,HRV,2
2014,SRB,HUN,2
2014,SRB,ISR,1
2014,SRB,ITA,6
2014,SRB,MKD,1
2014,SRB,MNE,4
2014,SRB,NLD,3
2014,SRB,NOR,2
2014,SRB,POL,2
2014,SRB,ROU,2
2014,SRB,RUS,2
2014,SRB,SVN,2
2014,SRB,SWE,6
2014,SRB,TUN,1
2014,SSD,ARE,1
2014,SSD,EGY,2
2014,SSD,ETH,2
2014,SSD,KEN,2
2014,SSD,RWA,1
2014,SSD,SDN,2
2014,SSD,UGA,2
2014,STP,AGO,1
2014,STP,CPV,1
2014,STP,PRT,1
2014,SUR,ABW,1
2014,SUR,BRA,1
2014,SUR,GUF,1
2014,SUR,GUY,1
2014,SUR,NLD,2
2014,SUR,TTO,3
2014,SVK,AUT,1
2014,SVK,BEL,1
2014,SVK,CZE,5
2014,SVK,ESP,3
2014,SVK,FRA,1
2014,SVK,GBR,6
2014,SVK,IRL,1
2014,SVK,ITA,4
2014,SVK,NOR,1
2014,SVN,ALB,1
2014,SVN,AUT,2
2014,SVN,BEL,3
2014,SVN,BIH,1
2014,SVN,CHE,2
2014,SVN,CZE,1
2014,SVN,DEU,4
2014,SVN,DNK,2
2014,SVN,FIN,1
2014,SVN,FRA,2
2014,SVN,GBR,2
2014,SVN,MKD,1
2014,SVN,MNE,2
2014,SVN,NLD,1
2014,SVN,POL,2
2014,SVN,RUS,2
2014,SVN,SRB,2
2014,SWE,ARE,2
2014,SWE,AUT,4
2014,SWE,BEL,6
2014,SWE,BIH,3
2014,SWE,BLR,1
2014,SWE,CHE,6
2014,SWE,CHN,2
2014,SWE,CYP,2
2014,SWE,CZE,4
2014,SWE,DEU,29
2014,SWE,DNK,9
2014,SWE,ESP,34
2014,SWE,EST,4
2014,SWE,ETH,2
2014,SWE,FIN,22
2014,SWE,FRA,17
2014,SWE,GBR,27
2014,SWE,GRC,10
2014,SWE,HRV,9
2014,SWE,HUN,4
2014,SWE,IRL,2
2014,SWE,IRN,3
2014,SWE,IRQ,7
2014,SWE,ISL,1
2014,SWE,ISR,1
2014,SWE,ITA,19
2014,SWE,LTU,2
2014,SWE,LUX,1
2014,SWE,LVA,4
2014,SWE,MAR,1
2014,SWE,MKD,3
2014,SWE,MLT,3
2014,SWE,NLD,7
2014,SWE,NOR,13
2014,SWE,POL,13
2014,SWE,PRT,3
2014,SWE,QAT,1
2014,SWE,RUS,4
2014,SWE,SRB,6
2014,SWE,THA,3
2014,SWE,USA,7
2014,SWZ,ZAF,1
2014,SYC,ARE,4
2014,SYC,DEU,1
2014,SYC,KEN,1
2014,SYC,LKA,2
2014,SYC,MUS,1
2014,SYC,RUS,1
2014,SYC,ZAF,2
2014,TCA,BHS,3
2014,TCA,CAN,3
2014,TCA,DOM,3
2014,TCA,HTI,3
2014,TCA,JAM,1
2014,TCA,PRI,1
2014,TCA,USA,14
2014,TCD,CMR,3
2014,TCD,ETH,1
2014,TCD,FRA,1
2014,TCD,NER,1
2014,TCD,NGA,2
2014,TGO,BEL,3
2014,TGO,BEN,2
2014,TGO,BFA,2
2014,TGO,BRA,1
2014,TGO,CIV,2
2014,TGO,CMR,1
2014,TGO,ETH,1
2014,TGO,FRA,1
2014,TGO,GAB,1
2014,TGO,GHA,2
2014,TGO,GIN,1
2014,TGO,MLI,1
2014,TGO,NGA,2
2014,THA,ARE,9
2014,THA,AUS,14
2014,THA,AUT,3
2014,THA,BEL,2
2014,THA,BGD,7
2014,THA,BHR,3
2014,THA,BRN,2
2014,THA,CHE,2
2014,THA,CHN,72
2014,THA,DEU,4
2014,THA,DNK,2
2014,THA,EGY,3
2014,THA,ESP,1
2014,THA,ETH,2
2014,THA,FIN,1
2014,THA,FRA,3
2014,THA,GBR,4
2014,THA,HKG,24
2014,THA,IDN,8
2014,THA,IND,18
2014,THA,IRN,1
2014,THA,ISR,2
2014,THA,ITA,2
2014,THA,JOR,2
2014,THA,JPN,21
2014,THA,KAZ,1
2014,THA,KEN,3
2014,THA,KHM,8
2014,THA,KOR,21
2014,THA,KWT,1
2014,THA,LAO,10
2014,THA,LKA,4
2014,THA,MAC,4
2014,THA,MDG,2
2014,THA,MDV,1
2014,THA,MMR,12
2014,THA,MNG,1
2014,THA,MYS,33
2014,THA,NLD,3
2014,THA,NOR,3
2014,THA,NPL,2
2014,THA,NZL,2
2014,THA,OMN,1
2014,THA,PAK,4
2014,THA,PHL,6
2014,THA,QAT,1
2014,THA,RUS,13
2014,THA,SGP,28
2014,THA,SWE,3
2014,THA,TWN,8
2014,THA,UKR,1
2014,THA,UZB,1
2014,THA,VNM,10
2014,THA,ZAF,2
2014,TJK,ARE,3
2014,TJK,CHN,4
2014,TJK,DEU,1
2014,TJK,IND,1
2014,TJK,IRN,3
2014,TJK,KAZ,6
2014,TJK,KGZ,2
2014,TJK,RUS,73
2014,TKM,ARE,2
2014,TKM,AZE,2
2014,TKM,BLR,1
2014,TKM,CHN,1
2014,TKM,DEU,1
2014,TKM,GBR,2
2014,TKM,IND,2
2014,TKM,RUS,2
2014,TON,AUS,1
2014,TON,FJI,2
2014,TON,NZL,2
2014,TTO,ATG,1
2014,TTO,BRB,2
2014,TTO,CAN,2
2014,TTO,GBR,1
2014,TTO,GRD,3
2014,TTO,GUY,1
2014,TTO,JAM,1
2014,TTO,LCA,4
2014,TTO,PAN,2
2014,TTO,SUR,3
2014,TTO,USA,11
2014,TTO,VCT,1
2014,TTO,VEN,2
2014,TUN,ARE,2
2014,TUN,AUT,1
2014,TUN,BEL,4
2014,TUN,BFA,1
2014,TUN,CHE,6
2014,TUN,CIV,1
2014,TUN,DEU,32
2014,TUN,DZA,3
2014,TUN,EGY,2
2014,TUN,ESP,2
2014,TUN,FRA,44
2014,TUN,GBR,22
2014,TUN,ITA,8
2014,TUN,JOR,1
2014,TUN,KWT,1
2014,TUN,LBN,2
2014,TUN,LBY,21
2014,TUN,LUX,2
2014,TUN,MAR,2
2014,TUN,MLI,1
2014,TUN,MLT,1
2014,TUN,MRT,1
2014,TUN,NLD,2
2014,TUN,PRT,1
2014,TUN,QAT,1
2014,TUN,RUS,6
2014,TUN,SAU,3
2014,TUN,SEN,1
2014,TUN,SRB,1
2014,TUV,FJI,1
2014,TWN,ARE,1
2014,TWN,AUS,3
2014,TWN,AUT,1
2014,TWN,CAN,3
2014,TWN,CHN,189
2014,TWN,DEU,1
2014,TWN,FRA,1
2014,TWN,GUM,2
2014,TWN,HKG,13
2014,TWN,IDN,7
2014,TWN,IND,2
2014,TWN,JPN,68
2014,TWN,KHM,3
2014,TWN,KOR,18
2014,TWN,MAC,8
2014,TWN,MMR,1
2014,TWN,MYS,7
2014,TWN,NLD,2
2014,TWN,PHL,9
2014,TWN,PLW,2
2014,TWN,SGP,9
2014,TWN,THA,8
2014,TWN,USA,14
2014,TWN,VNM,13
2014,TZA,ARE,1
2014,TZA,COM,1
2014,TZA,DEU,1
2014,TZA,EGY,1
2014,TZA,ETH,4
2014,TZA,KEN,16
2014,TZA,MOZ,1
2014,TZA,MWI,1
2014,TZA,MYT,1
2014,TZA,NLD,3
2014,TZA,OMN,1
2014,TZA,QAT,1
2014,TZA,RWA,2
2014,TZA,UGA,4
2014,TZA,ZAF,2
2014,TZA,ZWE,1
2014,UGA,ARE,1
2014,UGA,BDI,1
2014,UGA,BEL,4
2014,UGA,EGY,1
2014,UGA,ERI,1
2014,UGA,ETH,1
2014,UGA,GBR,2
2014,UGA,KEN,3
2014,UGA,NLD,3
2014,UGA,QAT,1
2014,UGA,RWA,5
2014,UGA,SOM,1
2014,UGA,SSD,1
2014,UGA,TZA,4
2014,UGA,ZAF,1
2014,UKR,ARE,10
2014,UKR,ARM,2
2014,UKR,AUT,10
2014,UKR,AZE,3
2014,UKR,BEL,2
2014,UKR,BLR,2
2014,UKR,CHE,3
2014,UKR,CYP,6
2014,UKR,CZE,3
2014,UKR,DEU,12
2014,UKR,ESP,11
2014,UKR,EST,1
2014,UKR,FIN,1
2014,UKR,FRA,3
2014,UKR,GBR,3
2014,UKR,GEO,7
2014,UKR,GRC,5
2014,UKR,HUN,1
2014,UKR,ISR,7
2014,UKR,ITA,10
2014,UKR,JOR,1
2014,UKR,KAZ,4
2014,UKR,LTU,2
2014,UKR,LVA,2
2014,UKR,MDA,1
2014,UKR,NLD,2
2014,UKR,NOR,1
2014,UKR,POL,6
2014,UKR,PRT,2
2014,UKR,RUS,39
2014,UKR,THA,1
2014,UKR,USA,1
2014,UKR,UZB,1
2014,URY,ARG,9
2014,URY,BRA,9
2014,URY,CHL,2
2014,URY,ESP,1
2014,URY,PAN,1
2014,URY,PER,1
2014,URY,PRY,1
2014,URY,USA,2
2014,USA,ABW,21
2014,USA,ARE,24
2014,USA,ARG,10
2014,USA,ASM,1
2014,USA,ATG,7
2014,USA,AUS,26
2014,USA,AUT,6
2014,USA,BEL,21
2014,USA,BHS,72
2014,USA,BLZ,10
2014,USA,BMU,11
2014,USA,BOL,2
2014,USA,BRA,57
2014,USA,BRB,3
2014,USA,CAN,364
2014,USA,CHE,29
2014,USA,CHL,10
2014,USA,CHN,59
2014,USA,COK,2
2014,USA,COL,49
2014,USA,CPV,1
2014,USA,CRI,34
2014,USA,CYM,17
2014,USA,DEU,114
2014,USA,DNK,7
2014,USA,DOM,61
2014,USA,ECU,8
2014,USA,EGY,2
2014,USA,ESP,57
2014,USA,ETH,1
2014,USA,FIN,4
2014,USA,FJI,6
2014,USA,FRA,89
2014,USA,GBR,207
2014,USA,GHA,1
2014,USA,GLP,2
2014,USA,GRC,3
2014,USA,GRD,4
2014,USA,GTM,17
2014,USA,GUM,1
2014,USA,GUY,2
2014,USA,HKG,16
2014,USA,HND,19
2014,USA,HTI,13
2014,USA,IND,5
2014,USA,IRL,35
2014,USA,ISL,7
2014,USA,ISR,7
2014,USA,ITA,53
2014,USA,JAM,40
2014,USA,JOR,6
2014,USA,JPN,80
2014,USA,KIR,2
2014,USA,KNA,3
2014,USA,KOR,39
2014,USA,KWT,2
2014,USA,LCA,7
2014,USA,LVA,1
2014,USA,MAR,1
2014,USA,MEX,369
2014,USA,MHL,1
2014,USA,MTQ,2
2014,USA,NGA,3
2014,USA,NIC,6
2014,USA,NLD,39
2014,USA,NOR,5
2014,USA,NZL,10
2014,USA,PAK,1
2014,USA,PAN,29
2014,USA,PER,21
2014,USA,PHL,3
2014,USA,POL,2
2014,USA,PRI,53
2014,USA,PRT,14
2014,USA,PRY,2
2014,USA,PYF,7
2014,USA,QAT,11
2014,USA,RUS,13
2014,USA,SAU,5
2014,USA,SEN,4
2014,USA,SLV,28
2014,USA,SWE,7
2014,USA,TCA,14
2014,USA,TTO,11
2014,USA,TWN,14
2014,USA,UKR,1
2014,USA,URY,2
2014,USA,VEN,9
2014,USA,VGB,19
2014,USA,WSM,1
2014,USA,ZAF,5
2014,UZB,ARE,2
2014,UZB,AZE,1
2014,UZB,CHN,4
2014,UZB,CZE,2
2014,UZB,DEU,1
2014,UZB,FRA,1
2014,UZB,GBR,1
2014,UZB,IND,2
2014,UZB,IRN,1
2014,UZB,ISR,1
2014,UZB,ITA,2
2014,UZB,JPN,1
2014,UZB,KAZ,4
2014,UZB,KGZ,2
2014,UZB,KOR,3
2014,UZB,LVA,2
2014,UZB,MYS,2
2014,UZB,RUS,82
2014,UZB,SGP,2
2014,UZB,THA,1
2014,UZB,UKR,1
2014,VCT,BRB,1
2014,VCT,GRD,1
2014,VCT,LCA,1
2014,VCT,TTO,1
2014,VEN,ABW,11
2014,VEN,ARG,2
2014,VEN,BRA,3
2014,VEN,CHL,1
2014,VEN,COL,5
2014,VEN,CUB,3
2014,VEN,DEU,1
2014,VEN,DOM,1
2014,VEN,ECU,1
2014,VEN,ESP,4
2014,VEN,FRA,1
2014,VEN,GRD,1
2014,VEN,GUY,1
2014,VEN,ITA,1
2014,VEN,MEX,1
2014,VEN,PAN,6
2014,VEN,PER,2
2014,VEN,PRI,1
2014,VEN,PRT,3
2014,VEN,TTO,2
2014,VEN,USA,9
2014,VGB,AIA,1
2014,VGB,DMA,3
2014,VGB,FRA,1
2014,VGB,KNA,2
2014,VGB,PRI,15
2014,VGB,USA,20
2014,VNM,ARE,3
2014,VNM,AUS,4
2014,VNM,CHN,23
2014,VNM,DEU,4
2014,VNM,FRA,6
2014,VNM,HKG,10
2014,VNM,IDN,1
2014,VNM,JPN,20
2014,VNM,KAZ,1
2014,VNM,KHM,14
2014,VNM,KOR,13
2014,VNM,LAO,6
2014,VNM,MAC,2
2014,VNM,MMR,2
2014,VNM,MYS,6
2014,VNM,PHL,4
2014,VNM,QAT,1
2014,VNM,RUS,6
2014,VNM,SGP,12
2014,VNM,THA,10
2014,VNM,TWN,13
2014,VUT,AUS,7
2014,VUT,FJI,2
2014,VUT,NCL,2
2014,VUT,NZL,2
2014,VUT,SLB,3
2014,WLF,FJI,1
2014,WLF,NCL,1
2014,WSM,FJI,1
2014,WSM,NZL,3
2014,WSM,USA,1
2014,YEM,ARE,12
2014,YEM,BHR,2
2014,YEM,DJI,2
2014,YEM,EGY,6
2014,YEM,ERI,2
2014,YEM,ETH,1
2014,YEM,IND,1
2014,YEM,JOR,5
2014,YEM,KEN,1
2014,YEM,KWT,3
2014,YEM,LBN,1
2014,YEM,QAT,2
2014,YEM,SAU,16
2014,YEM,SDN,1
2014,YEM,SOM,2
2014,ZAF,AGO,3
2014,ZAF,ARE,10
2014,ZAF,AUS,4
2014,ZAF,BRA,2
2014,ZAF,BWA,9
2014,ZAF,CHE,2
2014,ZAF,DEU,6
2014,ZAF,EGY,2
2014,ZAF,ETH,2
2014,ZAF,FRA,2
2014,ZAF,GAB,1
2014,ZAF,GBR,9
2014,ZAF,GHA,1
2014,ZAF,HKG,2
2014,ZAF,IND,3
2014,ZAF,ISR,1
2014,ZAF,KEN,2
2014,ZAF,LSO,1
2014,ZAF,MDG,2
2014,ZAF,MOZ,15
2014,ZAF,MUS,5
2014,ZAF,MWI,3
2014,ZAF,NAM,9
2014,ZAF,NGA,2
2014,ZAF,NLD,3
2014,ZAF,QAT,2
2014,ZAF,REU,1
2014,ZAF,RWA,2
2014,ZAF,SAU,1
2014,ZAF,SEN,3
2014,ZAF,SGP,4
2014,ZAF,SWZ,1
2014,ZAF,SYC,2
2014,ZAF,THA,2
2014,ZAF,TZA,2
2014,ZAF,UGA,1
2014,ZAF,USA,5
2014,ZAF,ZMB,7
2014,ZAF,ZWE,9
2014,ZMB,AGO,1
2014,ZMB,ARE,1
2014,ZMB,BWA,1
2014,ZMB,ETH,2
2014,ZMB,KEN,6
2014,ZMB,MWI,6
2014,ZMB,NAM,2
2014,ZMB,NLD,3
2014,ZMB,ZAF,7
2014,ZMB,ZWE,10
2014,ZWE,BWA,2
2014,ZWE,ETH,2
2014,ZWE,KEN,3
2014,ZWE,MWI,1
2014,ZWE,NAM,2
2014,ZWE,TZA,1
2014,ZWE,ZAF,9
2014,ZWE,ZMB,11
